ResponseID,V2,V3,V4,V5,V6,V7,V8,V9,V10,Consent,Captcha,instr,Conform,Conform_time_1,Conform_time_2,Conform_time_3,Conform_time_4,ProfManip,LeverManip,altTime_1,altTime_2,altTime_3,altTime_4,outcomeChange,Object_cause_8,Agent_cause_8,control1_1,control1_2,control1_3,control2_1,control2_2,control2_3,Sex,Age,Eth,Race_1,Race_2,Race_3,Race_4,Race_5,Race_6,Race_7,DO-BL-Manipulation,DO-BL-CausationQuestions,DO-Q-Conform,LocationLatitude,LocationLongitude,LocationAccuracy
R_1P1KURXasXINQIN,Default Response Set,Anonymous,,,,0,1/19/2017 15:22,1/19/2017 15:25,1,1,1,1,1,1.099,1.099,48.843,1,,IT COULD HAVE DISPENSED AN ERASER INSTEAD OF A PENCIL. IT ALSO COULD HAVE DISPENSED A BROKEN PENCIL OR NO PENCIL AT ALL. ,17.001,17.001,49.13,1,17,10,6,1,1,,1,1,,2,54,2,,,,,1,,,LeverManip|altTime|outcomeChange,Object_cause|Agent_cause,,,,
R_2EpczxbQtcPBASl,Default Response Set,Anonymous,,,,0,1/19/2017 15:22,1/19/2017 15:25,1,1,1,1,1,45.436,45.436,48.006,1,,"Well, if the red lever didn't produce a pencil, the people would just assume the machine was out of pencils. If it didn't function, maybe they would assume it is broken. Then two people would be out of pencils, instead of one. ",1.476,1.476,73.453,1,17,0,0,1,1,,1,1,,2,26,2,,,,,1,,,LeverManip|altTime|outcomeChange,Object_cause|Agent_cause,,,,
R_1jUoWydCPtAHc9r,Default Response Set,Anonymous,,,,0,1/19/2017 15:21,1/19/2017 15:25,1,1,1,1,1,0,0,45.94,0,,"The red lever could have been connected to product that was about to run out. Per the story, it was the last pencil from the red lever. Perhaps, the next person who pulls the red lever would think that the machine is malfunctioning if you are not able to see the amount of stock remaining. Case in point, the kid at the end of the passage may have pulled the red lever, and got nothing. What one might consider a malfunction, another might consider it unstocked and functioning properly even though there is no product. ",12.499,12.499,105.18,1,16,0,0,1,1,,1,,,1,29,2,,,,,,,,LeverManip|altTime|outcomeChange,Object_cause|Agent_cause,,,,
R_33BUe0vDtcw8We3,Default Response Set,Anonymous,,,,0,1/19/2017 15:22,1/19/2017 15:25,1,1,1,1,1,0,0,30.044,0,,"If the red lever hadn't functioned, then one of them would have just reached in and took a pencil as they were accustomed to doing in situations like this.  This doesn't address the issue of the student needing a pencil, though.  He/she is out of a pencil either way.",1.584,12.392,77.05,2,16,0,20,1,1,,1,1,,1,38,2,,,,,1,,,LeverManip|altTime|outcomeChange,Object_cause|Agent_cause,,,,
R_3fxulqiiJNM2TW5,Default Response Set,Anonymous,,,,0,1/19/2017 15:23,1/19/2017 15:26,1,1,1,1,1,0,0,32.376,0,"If Professor Smith had brought their own pencil, there would have been enough for the student that was taking a test.  Professor Smith should have noticed that there were only two pencils left in the machine and maybe tried to see if they already had one at their desk or in their bag.",,0.847,5.564,56.018,2,18,100,0,,1,1,1,1,,2,40,2,,,,,1,,,ProfManip|altTime|outcomeChange,Object_cause|Agent_cause,,,,
R_DCbnWfWK3A3XtSN,Default Response Set,Anonymous,,,,0,1/19/2017 15:21,1/19/2017 15:26,1,1,1,1,1,0,0,56.705,0,"Professor Smith could have borrowed a pencil from an alternate source. Professor Smith could have asked another professor for a pencil which would have allowed the student to use the last pencil. Had Professor Smith borrowed a pencil from another professor instead of the vending machine, there would have been enough pencils for everyone. ",,20.488,20.488,137.52,1,18,32,40,1,1,,1,1,,2,25,1,,,,,1,,,ProfManip|altTime|outcomeChange,Object_cause|Agent_cause,,,,
R_W1Ks17pXt9twI0N,Default Response Set,Anonymous,,,,0,1/19/2017 15:22,1/19/2017 15:26,1,1,1,1,1,56.786,66.444,67.201,2,If Professor Smith had not been told that he was allowed to get pencils from the machine he probably wouldn't have taken one. And there would have been one available pencil for the student.,,31.854,105.266,110.442,7,19,0,60,1,1,,1,1,,2,56,2,,,,,1,,,ProfManip|altTime|outcomeChange,Object_cause|Agent_cause,,,,
R_2PuOeZ5HDVNashz,Default Response Set,Anonymous,,,,0,1/19/2017 15:23,1/19/2017 15:26,1,1,1,1,1,0,0,59.26,0,If Professor Smith did not take the pencil the student would have had a pencil.  If the assistant needed a pencil why did professor Smith also need a pencil.  ,,10.94,10.94,70.682,1,19,7,98,1,1,,1,1,,2,48,2,,,,,1,,,ProfManip|altTime|outcomeChange,Object_cause|Agent_cause,,,,
R_3PCalAbMtGRAeAm,Default Response Set,Anonymous,,,,0,1/19/2017 15:24,1/19/2017 15:26,1,1,1,1,1,0,0,10.954,0,The statistics of the pencil being pulled would have been different and it would have affected the number of pencils taken. ,,1.086,37.712,38.143,2,16,33,54,1,,,,,1,1,24,1,,1,,,,,,ProfManip|altTime|outcomeChange,Object_cause|Agent_cause,,,,
R_2tE96YDITZ96eYo,Default Response Set,Anonymous,,,,0,1/19/2017 15:24,1/19/2017 15:26,1,1,1,1,1,0,0,41.955,0,He could have shared the pencil and the student would have gotten one as well.,,14.496,14.496,36.084,1,18,1,22,1,1,,1,1,,2,29,2,,,,,1,,,ProfManip|altTime|outcomeChange,Object_cause|Agent_cause,,,,
R_T72H8x8rCieMKuR,Default Response Set,Anonymous,,,,0,1/19/2017 15:21,1/19/2017 15:26,1,1,1,1,1,0,0,73.56,0,,The red lever would not have functioned to produce a pencil if there was one less pencil in the machine.  If there was one less pencil just the administrative assistant who pulled the black lever would get a pencil and Mr. Smith would know the machine was out of pencils.  Maybe Mr. Smith would put in more pencils because he knew they were in high demand with the students before the student pulled the lever resulting in them actually getting one for their test.,35.037,35.037,149.945,1,18,5,5,1,1,,1,1,,2,34,2,,,,,1,,,LeverManip|altTime|outcomeChange,Object_cause|Agent_cause,,,,
R_1dca04jIv05U2Z8,Default Response Set,Anonymous,,,,0,1/19/2017 15:22,1/19/2017 15:27,1,1,1,1,1,0,0,77.134,0,,"If the machine didn't recognize both the black and red levers being pulled at the same time.  It might of only produced one pencil, leaving one pencil for the student.",19.868,77.722,83.65,2,18,0,40,1,1,,1,1,,1,30,2,,,,,1,,,LeverManip|altTime|outcomeChange,Object_cause|Agent_cause,,,,
R_1P76Ofev83WbEKI,Default Response Set,Anonymous,,,,0,1/19/2017 15:23,1/19/2017 15:27,1,1,1,1,1,0,0,66.32,0,,"If the machine worked as it should, there would be more pencils available. The malfunctioning machine is wasteful",3.633,33.948,76.17,2,19,0,2,1,1,,,1,,2,27,2,,,,,1,,,LeverManip|altTime|outcomeChange,Object_cause|Agent_cause,,,,
R_0wuibSFk80OgjyF,Default Response Set,Anonymous,,,,0,1/19/2017 15:22,1/19/2017 15:27,1,1,1,1,1,0,0,56.781,0,,"If no pencil was produced, the person might have tried the white lever in desperation. They also could have tried the black lever, but that would not have worked due to it only having one pencil left and it was already dispensed.",7.744,141.682,145.155,4,17,100,50,1,1,,,1,,1,52,2,,,,,1,,,LeverManip|altTime|outcomeChange,Object_cause|Agent_cause,,,,
R_3hgzSNP6Y8ynr1k,Default Response Set,Anonymous,,,,0,1/19/2017 15:22,1/19/2017 15:27,1,1,1,1,1,0,0,52.815,0,,The red lever could have gotten stuck and not pulled down all the way so a pencil was not produced. Or the red lever could have pulled down all the way but not properly engaged the vending machine mechanisms to produce the pencil.  If the red lever had not produced a pencil there would still be a pencil in the machine for the student. ,2.079,105.181,181.803,4,17,10,70,1,1,,1,1,,2,34,2,,,,,1,,,LeverManip|altTime|outcomeChange,Object_cause|Agent_cause,,,,
R_3Lj54I8xBKNQsEa,Default Response Set,Anonymous,,,,0,1/19/2017 15:23,1/19/2017 15:27,1,1,1,1,1,0,0,69.906,0,,"there would be one pencil left for the student , if the red lever would have malfunctioned that time.",19.858,19.858,61.88,1,18,3,5,1,1,,1,1,,2,46,2,,,,,1,,,LeverManip|altTime|outcomeChange,Object_cause|Agent_cause,,,,
R_2A1in1U8BXk64uR,Default Response Set,Anonymous,,,,0,1/19/2017 15:21,1/19/2017 15:27,1,1,1,1,1,0,0,127.843,0,,If the red lever had not produced a pencil the professor would not have gotten a pencil.  Conversely the student may have gotten one when they pulled the lever.,22.287,89.845,129.216,15,18,10,30,1,1,,1,1,,1,29,2,,,,,1,,,LeverManip|altTime|outcomeChange,Object_cause|Agent_cause,,,,
R_eswjnj7c7sTfNhT,Default Response Set,Anonymous,,,,0,1/19/2017 15:24,1/19/2017 15:27,1,1,1,1,1,83.692,83.692,84.09,1,I think he would have been fine. He probably could find another pencil some where else. I think he should have been considerate of the students who need pencils. ,,1.523,19.418,60.167,4,17,100,100,1,1,,1,1,,1,24,2,,,,,1,,,ProfManip|altTime|outcomeChange,Object_cause|Agent_cause,,,,
R_erlLAIsU0VyKVEJ,Default Response Set,Anonymous,,,,0,1/19/2017 15:25,1/19/2017 15:27,1,1,1,1,1,24.27,24.27,39.727,1,One of the other levers could have malfunctioned. Then the student would have had one,,10.377,10.377,49.455,1,18,,,1,1,,1,1,,2,26,2,,,,,1,,,ProfManip|altTime|outcomeChange,Object_cause|Agent_cause,,,,
R_2dZte24ZUB6AhM9,Default Response Set,Anonymous,,,,0,1/19/2017 15:23,1/19/2017 15:28,1,1,1,1,1,0,0,87.992,0,,None the red one always produces pencils Pull the red lever you get a pencil. ,21.884,49.71,75.862,2,17,0,0,1,1,,1,1,,1,50,2,1,,,,,,,LeverManip|altTime|outcomeChange,Object_cause|Agent_cause,,,,
R_0kqN7Cnxp55Mcpz,Default Response Set,Anonymous,,,,0,1/19/2017 15:24,1/19/2017 15:28,1,1,1,1,1,0,0,36.143,0,"If he had not taken the pencil from the vending machine perhaps he would not have been able to complete something, perhaos like a project or paper. He might have set a bad example for his class by not having a pencil that day. There are honestly many things that may have happened due to something that simple.",,14.654,14.654,90.022,1,17,0,0,1,,,1,,,2,24,2,,,,,1,,,ProfManip|altTime|outcomeChange,Object_cause|Agent_cause,,,,
R_2xY7EHVNZ1ARHc7,Default Response Set,Anonymous,,,,0,1/19/2017 15:22,1/19/2017 15:28,1,1,1,1,1,23.528,33.823,93.551,2,Professor Smith could have defaulted to muscle memory and pulled the white lever as he usually does.  The malfunction could have been reversed and Smith would have just gotten an eraser.  Then something distracts Smith and he decides to get a pencil later.,,37.508,37.508,131.979,1,18,3,3,1,1,,1,1,,1,45,2,,,,,1,,,ProfManip|altTime|outcomeChange,Object_cause|Agent_cause,,,,
R_cv77fwK2xGpcvYt,Default Response Set,Anonymous,,,,0,1/19/2017 15:22,1/19/2017 15:28,1,1,1,1,1,0,0,36.384,0,,"If there were only one pencil left instead of two and the black lever had given out the last pencil, the red lever would not have been able to produce a pencil. Or, if the person who pulled the black lever had pulled in twice and gotten two pencils, there would have been no pencil in the machine when the red lever was pulled. In either case, the professor would not have gotten the pencil he wanted.",11.926,11.926,170.35,1,16,0,30,1,1,,1,1,,2,58,2,1,,,,1,,,LeverManip|altTime|outcomeChange,Object_cause|Agent_cause,,,,
R_1SWFYAYRhAzS8mt,Default Response Set,Anonymous,,,,0,1/19/2017 15:24,1/19/2017 15:28,1,1,1,1,1,0,0,58.314,0,Professor Smith could have brought a pencil from home. Especially because he is new it would make sense to come more prepared. This would have left a pencil in the machine for the student to use. ,,22.386,22.386,65.976,1,18,0,30,1,1,,1,1,,1,26,2,,1,,,,,,ProfManip|altTime|outcomeChange,Object_cause|Agent_cause,,,,
R_1Oq1CWWsz3cOlrj,Default Response Set,Anonymous,,,,0,1/19/2017 15:23,1/19/2017 15:28,1,1,1,1,1,2.663,4.542,62.708,2,,"If the red lever had not produced a pencil, there would have been one last pencil in the vending machine when the student who needed it came to pull one from the vending machine. /  / It is also possible that, had the red lever not functioned properly that Professor Smith may have, after failing to receive a pencil by pulling the red lever, then chosen to pull the black lever still taking the last remaining pencil.  This would still leave the student without a pencil.",6.243,160.563,161.14,3,17,10,90,1,1,,1,1,,1,39,2,,,,,1,,,LeverManip|altTime|outcomeChange,Object_cause|Agent_cause,,,,
R_OePDlkbV7bQbhu1,Default Response Set,Anonymous,,,,0,1/19/2017 15:24,1/19/2017 15:29,1,1,1,1,1,66.02,66.02,67.266,1,,"One way that the red lever could have failed to produce a pencil is that, when the lever was pulled, instead of being pulled down as it was supposed to, it instead broke off from the vending machine, thus been unable to produce a pencil. If this had happened, things would've gone differently. The professor would not have gotten a pencil, but the student would have gotten one.",22.811,33.699,113.149,2,19,0,50,1,1,,1,1,,1,27,1,,,,,,1,,LeverManip|altTime|outcomeChange,Object_cause|Agent_cause,,,,
R_1l6pPNZI11jpcOo,Default Response Set,Anonymous,,,,0,1/19/2017 15:24,1/19/2017 15:29,1,1,1,1,1,0,0,60.49,0,The professors should pay for there own pencils. The student now does not have a pencil to do her school work. ,,19.316,19.316,80.917,1,18,0,100,1,1,,1,,,1,35,2,,,,,1,,,ProfManip|altTime|outcomeChange,Object_cause|Agent_cause,,,,
R_2PA5uSSg0s2kzGY,Default Response Set,Anonymous,,,,0,1/19/2017 15:23,1/19/2017 15:29,1,1,1,1,1,0,0,85.132,0,,"If it had not produced a pencil when the gentlemen used the vending machine, there should have been one left in there so that the student should have been able to get a pencil.",25.534,68.883,88.753,4,18,0,75,1,1,,1,1,,2,49,2,,,,,1,,,LeverManip|altTime|outcomeChange,Object_cause|Agent_cause,,,,
R_1gvh6zy3a18KpjD,Default Response Set,Anonymous,,,,0,1/19/2017 15:27,1/19/2017 15:29,1,1,1,1,1,0,0,37.901,0,,The person would have pulled the black lever instead since that also produced a pencil. It would not have drastically changed anything.,10.362,10.362,35.714,1,16,1,81,1,1,,1,1,,1,34,2,,,,,1,,,LeverManip|altTime|outcomeChange,Object_cause|Agent_cause,,,,
R_26h9q8TzxENyg2S,Default Response Set,Anonymous,,,,0,1/19/2017 15:25,1/19/2017 15:30,1,1,1,1,1,0,0,2.08,0,He could have just not done it,,0,0,26.436,0,18,61,64,,1,,,1,,1,25,2,,,,,1,,,ProfManip|altTime|outcomeChange,Object_cause|Agent_cause,,,,
R_1FQco8W9eWmecQp,Default Response Set,Anonymous,,,,0,1/19/2017 15:22,1/19/2017 15:30,1,1,1,1,1,0,0,112.707,0,If he hadn't taken the pencil the student behind him may have been able to get one.  Though it probably would have been broken.,,1.666,1.666,253.678,1,18,77,0,,1,,1,,,2,40,2,,,,,1,,,ProfManip|altTime|outcomeChange,Object_cause|Agent_cause,,,,
R_XNTOKd9cMH0PTih,Default Response Set,Anonymous,,,,0,1/19/2017 15:24,1/19/2017 15:30,1,1,1,1,1,0,0,68.226,0,They should of marked off the white lever so everyone knew that it was malfunctioning and couldn't be used. If that was the case less pencils would have been broken from people attempting to get one from the white lever. If he did not take a pencil the student in need probably would of been able to receive one. ,,25.397,123.061,128.095,3,18,0,20,1,1,1,1,,,1,24,2,,,,,1,,,ProfManip|altTime|outcomeChange,Object_cause|Agent_cause,,,,
R_3f6eQyKn21iE0Y9,Default Response Set,Anonymous,,,,0,1/19/2017 15:29,1/19/2017 15:30,1,1,1,1,1,1.214,1.214,1.505,1,Someone could have lent him a pencil. I am sure that a student or fellow teacher would allow him the ability to utilize a pencil. ,,0.895,40.829,41.902,3,17,73,54,1,,,1,,,1,27,2,,,,,1,,,ProfManip|altTime|outcomeChange,Object_cause|Agent_cause,,,,
R_sBg8khELEFrzN2p,Default Response Set,Anonymous,,,,0,1/19/2017 15:24,1/19/2017 15:30,1,1,1,1,1,2.764,11.893,81.838,3,"If Professor Smith would not have taken a pencil, then there would have been one pencil left. When the student who needed a pencil came to get one, there would have been one left for her. She could have taken a test with that pencil.",,45.682,118.506,160.505,2,18,11,95,1,1,,1,1,,2,55,2,,,,,1,,,ProfManip|altTime|outcomeChange,Object_cause|Agent_cause,,,,
R_1PTuksYHmlSOSlN,Default Response Set,Anonymous,,,,0,1/19/2017 15:25,1/19/2017 15:30,1,1,1,1,1,4.436,9.921,84.39,2,"If he did not take any pencils, then the student that needed them would have pencils. I think they should not stock anything to go with the white lever to avoid this problem in the future",,46.835,46.835,82.738,1,17,0,0,1,1,,1,1,,2,30,2,,1,,,,,,ProfManip|altTime|outcomeChange,Object_cause|Agent_cause,,,,
R_BtgmbwW1xRbCfeh,Default Response Set,Anonymous,,,,0,1/19/2017 15:28,1/19/2017 15:30,1,1,1,1,1,0,0,41.958,0,,"I am honestly so confused. I read the situation three times and I still don't understand. Things could have gone differently in thhat they could have gotten an eraser I think. If the red lever hadnt given a pencil, it might have given an eraser. ",1.321,1.321,48.499,1,18,52,52,1,1,,1,1,,1,32,,,,,,,,,LeverManip|altTime|outcomeChange,Object_cause|Agent_cause,,,,
R_3390OrZg9vJQU40,Default Response Set,Anonymous,,,,0,1/19/2017 15:27,1/19/2017 15:30,1,1,1,1,1,0,0,66.888,0,,"One of the people who had wanted a pencil may not have gotten one. They may also have pulled it again and gotten a pencil on the second attempt. If they had not tried again, there may have been a pencil for the student.",16.112,16.112,75.262,1,17,0,0,1,1,,1,1,,2,29,2,1,,,,1,,,LeverManip|altTime|outcomeChange,Object_cause|Agent_cause,,,,
R_247WJtV1TzLLfoJ,Default Response Set,Anonymous,,,,0,1/19/2017 15:27,1/19/2017 15:30,1,1,1,1,1,0,0,58.915,0,Professor Smith could have saved one of his previous pencils which would negate him needing to use the vending machine. This would allow the student to have an available pencil.,,17.902,17.902,74.641,1,18,13,59,1,1,,1,1,,2,32,2,,,,,1,,,ProfManip|altTime|outcomeChange,Object_cause|Agent_cause,,,,
R_2QF2rFLZuIUrepY,Default Response Set,Anonymous,,,,0,1/19/2017 15:26,1/19/2017 15:30,1,1,1,1,1,0,0,74.619,0,If Professor Smith had been prepared before hand with the proper supplies he would not have needed to take a pencil from the vending machine. He could have done this by bringing pencils from home or buying them at the store before he arrived on campus.,,2.471,2.471,89.158,1,19,0,59,1,1,,1,1,,2,49,2,,,,,1,,,ProfManip|altTime|outcomeChange,Object_cause|Agent_cause,,,,
R_12Gw4SDoMgpDWJ0,Default Response Set,Anonymous,,,,0,1/19/2017 15:24,1/19/2017 15:31,1,1,1,1,1,0,0,83.746,0,,"If someone else had wanted an eraser at the same time and pulled the white lever it may have malfunctioned retrieving a pencil as well, but breaking it in the process. Then  when the red lever was pulled there would have not been any pencils left in the machine. Only the black lever would have produced a non-broken pencil.",33.107,115.324,185.217,3,16,100,100,1,1,,1,1,,1,37,2,,,,,1,,,LeverManip|altTime|outcomeChange,Object_cause|Agent_cause,,,,
R_1iqGhpWvgohpzpD,Default Response Set,Anonymous,,,,0,1/19/2017 15:27,1/19/2017 15:31,1,1,1,1,1,0,0,54.793,0,Professor Smith could have asked someone else for a pencil. He could have taken a broken pencil from the trash (thrown there by students who wanted erasers and also got broken pencils. He could have used a pen. ,,17.839,17.839,71.411,1,18,41,31,1,1,,1,1,,2,56,2,,,,,1,,,ProfManip|altTime|outcomeChange,Object_cause|Agent_cause,,,,
R_sX5XTmt8ncPriH7,Default Response Set,Anonymous,,,,0,1/19/2017 15:26,1/19/2017 15:31,1,1,1,1,1,0,0,46.371,0,,It could have gone differently if the lever had not produced a pencil.  Then the student would have had one. ,56.809,56.809,80.748,1,18,19,0,1,1,,1,1,,1,31,2,,,,,1,,,LeverManip|altTime|outcomeChange,Object_cause|Agent_cause,,,,
R_2AZl4tExlc8GaUe,Default Response Set,Anonymous,,,,0,1/19/2017 15:26,1/19/2017 15:31,1,1,1,1,1,0,0,97.045,0,"He could have passed on the pencil and then the student would have had one for his test. He could've used a pen instead, since students need the pencils for tests.",,4.135,4.135,100.187,1,18,10,42,1,1,,1,1,,2,34,2,,,,,1,,,ProfManip|altTime|outcomeChange,Object_cause|Agent_cause,,,,
R_3p3Y7Wfk6QUFXRI,Default Response Set,Anonymous,,,,0,1/19/2017 15:23,1/19/2017 15:31,1,1,1,1,1,0,0,63.145,0,"If the professor had not taken a pencil from the machine, then there would have been one left for the student who needed one for the test (assuming no one else used the machine before he student did). The professor and the assistant could have shared one pencil.",,62.529,289.823,324.158,6,18,0,0,1,1,,1,1,,1,67,2,,,,,1,,,ProfManip|altTime|outcomeChange,Object_cause|Agent_cause,,,,
R_1PRy9rGxApvtssH,Default Response Set,Anonymous,,,,0,1/19/2017 15:25,1/19/2017 15:31,1,1,1,1,1,0,0,88.326,0,They could have pulled the white lever causing an eraser and 1 pencil to drop and break in half.  Each person could have taken half a pencil and there would still be one left in the vending machine. Another option would be to fix the vending machine so that it did not break a pencil every time someone wanted an eraser.  Then there would be plenty of pencils.,,25.052,25.052,147.335,1,17,1,2,1,1,,1,1,,2,38,2,,,,,1,,,ProfManip|altTime|outcomeChange,Object_cause|Agent_cause,,,,
R_2z7jOPk5CU96MnG,Default Response Set,Anonymous,,,,0,1/19/2017 15:24,1/19/2017 15:32,1,1,1,1,1,57.029,57.029,58.216,1,The Professor could have brought his own pencils from home. If Professor Smith had not taken a pencil the student wouldn't be in a serious problem.,,14.531,243.97,281.744,9,19,0,100,1,1,,1,1,,1,27,2,,1,,,,,,ProfManip|altTime|outcomeChange,Object_cause|Agent_cause,,,,
R_2dg63E6BBIsyRSB,Default Response Set,Anonymous,,,,0,1/19/2017 15:29,1/19/2017 15:32,1,1,1,1,1,9.618,14.071,15.094,2,,"If it did not function, then it would mean that the vending machine is unreliable. Since it is unreliable, it would make the red lever similar to the white lever. As such, the red lever would then be seen as unusable similar to the white lever.",19.755,47.713,85.794,3,17,20,27,1,1,,1,1,,1,,2,,1,,,,,,LeverManip|altTime|outcomeChange,Object_cause|Agent_cause,,,,
R_3Jazaq9LlaJtJ9u,Default Response Set,Anonymous,,,,0,1/19/2017 15:26,1/19/2017 15:32,1,1,1,1,1,0,0,88.196,0,If he would have not have took the pencil the student would have been able to have one for the test. If Smith would have NOT took a pencil he might have been able to still find one around the office. ,,2.622,54.848,101.928,6,18,0,64,1,,,1,,,1,32,2,,,,,1,,,ProfManip|altTime|outcomeChange,Object_cause|Agent_cause,,,,
R_28G1Ijn616neBB3,Default Response Set,Anonymous,,,,0,1/19/2017 15:27,1/19/2017 15:32,1,1,1,1,1,0,0,56.614,0,,"If the white lever didn't always produce a pencil that broke, then there were be more then enough for when the assigned lever was pulled. If the red lever didn't produce a pencil, then there would be one pencil left for that student. If that student knew about the white lever, he could have used that and got a broken pencil that he would still be able to use (it may just be shorter).",23.934,77,150.68,3,17,10,10,1,1,1,1,,,2,35,2,,,,,1,,,LeverManip|altTime|outcomeChange,Object_cause|Agent_cause,,,,
R_2w5ADIZDQn1WARG,Default Response Set,Anonymous,,,,0,1/19/2017 15:28,1/19/2017 15:32,1,1,1,1,1,5.483,71.967,73.5,31,,The professor's might have left the pencil the in vending machine if the lever did't work. The student would have been able to have a chance to get a pencil if there was one still in the machine. Then they would be able to take a test with the pencil.,10.535,21.224,102.918,5,17,4,100,,,1,1,,,1,23,2,,,,,1,,,LeverManip|altTime|outcomeChange,Object_cause|Agent_cause,,,,
R_BRFRfeubqTPSOc1,Default Response Set,Anonymous,,,,0,1/19/2017 15:26,1/19/2017 15:32,1,1,1,1,1,0,0,57.596,0,,The red lever could have failed and left one pencil in the machine. The girl might have gotten a pencil on her try. ,22.959,105.764,150.344,5,17,0,,,1,,1,1,,2,38,2,,,,,1,,,LeverManip|altTime|outcomeChange,Object_cause|Agent_cause,,,,
R_3hGaunNxJtU96ag,Default Response Set,Anonymous,,,,0,1/19/2017 15:28,1/19/2017 15:32,1,1,1,1,1,0,0,61.686,0,If the Professor had chosen not to take the pencil from the vending machine then most likely the student that went for a pencil would have gotten one. ,,1.226,37.6,57.79,12,18,0,93,1,1,,1,1,,1,40,2,,,,,1,,,ProfManip|altTime|outcomeChange,Object_cause|Agent_cause,,,,
R_1gMUluf8TmdU9EN,Default Response Set,Anonymous,,,,0,1/19/2017 15:26,1/19/2017 15:32,1,1,1,1,1,5.445,60.526,64.565,22,"don't really understand your question-- what could have happened so that Professor Smith would not take the pencil? Or what would have happened if he did not take the pencil?  /  / I guess if he did not take a pencil, the student in need of pencil would have gotten a pencil. but he might have also needed an eraser-- so if he pulled the eraser lever first, he would have not gotten a pencil.  /  / for the first question, if professors and administratives were not allowed to take from the vending machine, this would not have happend. ",,0.869,209.39,241.486,8,17,0,0,1,1,,1,1,,2,31,2,,1,,,,,,ProfManip|altTime|outcomeChange,Object_cause|Agent_cause,,,,
R_ptUcrDdy9C866Tn,Default Response Set,Anonymous,,,,0,1/19/2017 15:27,1/19/2017 15:33,1,1,1,1,1,0,0,60.217,0,"Professor Smith could have brought his own pencil from home, or he could have several saved in his desk for times when he needed one. If Professor Smith had not taken a pencil from the machine, the student who needed one would have access to a pencil to take the test. Likewise, the student could have brought their own pencil from home as well. ",,21.577,21.577,116.598,1,18,0,0,1,1,,1,1,,1,45,2,,,,,1,,,ProfManip|altTime|outcomeChange,Object_cause|Agent_cause,,,,
R_3MuhZaeTnLYBzGQ,Default Response Set,Anonymous,,,,0,1/19/2017 15:28,1/19/2017 15:33,1,1,1,1,1,2.4,2.4,76.444,1,,"The red lever could be set up to produce only erasers. The black could be set up for only pencils. The white, both.",73.616,73.616,110.996,1,16,40,75,1,1,,1,1,,1,28,2,,,,,1,,,LeverManip|altTime|outcomeChange,Object_cause|Agent_cause,,,,
R_3niV3skMrge7dnh,Default Response Set,Anonymous,,,,0,1/19/2017 15:30,1/19/2017 15:33,1,1,1,1,1,0,0,49.135,0,"If he had not taken a pencil he would not have been able to help the student out. If he would not have taken the pencil, the student that did not get a pencil might have gotten a pencil.",,7.996,63.71,93.943,3,17,0,0,1,1,1,1,,,2,48,2,,,,,1,,,ProfManip|altTime|outcomeChange,Object_cause|Agent_cause,,,,
R_1Q6HYeywodDHBdK,Default Response Set,Anonymous,,,,0,1/19/2017 15:31,1/19/2017 15:34,1,1,1,1,1,0,0,53.992,0,,I have no idea what you are talking about and I have 2 master's degrees in the humanities including philosophy.  I guess if the red lever would have had an occasional malfunction and not released a pencil then there would have been one left for the student.,13.345,13.345,53.741,1,18,10,10,1,1,,1,1,,2,65,2,,,,,1,,,LeverManip|altTime|outcomeChange,Object_cause|Agent_cause,,,,
R_22DG9nbSAP9OvXa,Default Response Set,Anonymous,,,,0,1/19/2017 15:22,1/19/2017 15:34,1,1,1,1,1,2.736,11.936,104.785,3,"This is an odd question. The only answer I can think of would simply be that perhaps Professor Smith didn't need a pencil that day (perhaps me brought one from home) and didn't need to head to the pencil dispenser. Therefore perhaps there would be one pencil left in the machine for the student who later on needed one if Professor Smith had simply not needed a pencil that day. Really though, this question is rather odd, though perhaps that is what you were trying for?",,3.403,296.139,382.659,10,18,0,0,1,1,,1,1,,1,46,2,,,,,1,,,ProfManip|altTime|outcomeChange,Object_cause|Agent_cause,,,,
R_2zN5hqjkQTaVtvU,Default Response Set,Anonymous,,,,0,1/19/2017 15:31,1/19/2017 15:34,1,1,1,1,1,5.056,25.256,61.491,8,"If he didnt take a pencil, there couldve been atleast one left for the student that needed one. The professor couldve easily gotten one from a different teacher if he needed one, or even borrowed from a student. Or the other professor couldve taken both, which wouldve still left none for the student.",,3.066,3.448,67.562,2,17,0,52,1,1,,1,1,,2,27,2,,,,,1,,,ProfManip|altTime|outcomeChange,Object_cause|Agent_cause,,,,
R_1GDP2mu5uTDMz3H,Default Response Set,Anonymous,,,,0,1/19/2017 15:24,1/19/2017 15:34,1,1,1,1,1,3.022,3.292,11.561,2,,There are a number of things that could have gone wrong. The red lever could be broken. The red lever could have produced an eraser or nothing at all.,165.218,398.725,407.465,6,16,0,0,1,1,,1,1,,1,28,2,,,,,1,,,LeverManip|altTime|outcomeChange,Object_cause|Agent_cause,,,,
R_2wS0BArbV0fNuFc,Default Response Set,Anonymous,,,,0,1/19/2017 15:29,1/19/2017 15:34,1,1,1,1,1,82.249,82.249,82.622,1,If Professor Smith and not taken the pencil would have gone to the student. The student needed the pencil more than the professor.  ,,1.263,89.303,104.075,7,19,21,92,1,1,,1,1,,1,30,1,,,,,,,1,ProfManip|altTime|outcomeChange,Object_cause|Agent_cause,,,,
R_2R2shjkaYZnEztJ,Default Response Set,Anonymous,,,,0,1/19/2017 15:30,1/19/2017 15:34,1,1,1,1,1,0,0,53.343,0,,If the professor and administrative assistant both had wanted an erarser they may have pushed the white lever. The white level may have malfunctioned and broken 2 pencils. Threfore when the red lever was pushed nothing would have come out. ,2.114,2.114,132.241,1,16,91,88,1,,,1,1,,2,31,,,,,,,,,LeverManip|altTime|outcomeChange,Object_cause|Agent_cause,,,,
R_ahk0nrdismRi8G5,Default Response Set,Anonymous,,,,0,1/19/2017 15:30,1/19/2017 15:34,1,1,1,1,1,0,0,67.485,0,IF PROFESSSOR SMITH HAD NOT TAKEN A PENCIL FROM THE VENDING MACHINE THERE WOULD HAVE BEEN ONE AVAILABLE FOR THE STUDENT.  THE PROFESSOR COULD HAVE HAD A SUPPLY OF PENCILS ALREADY.,,18.246,18.246,69.812,1,18,4,74,1,1,,1,1,,2,66,2,,,,,1,,,ProfManip|altTime|outcomeChange,Object_cause|Agent_cause,,,,
R_PwbdpJAEBrb9L1f,Default Response Set,Anonymous,,,,0,1/19/2017 15:31,1/19/2017 15:35,1,1,1,1,1,0,0,44.734,0,"If Professor Smith had not taken a pencil from the vending machine, the student would have been able to grab a pencil from the machine and been able to stop worrying for the upcoming test.",,13.177,50.393,51.877,2,18,5,85,1,1,,1,1,,1,21,2,,,,,1,,,ProfManip|altTime|outcomeChange,Object_cause|Agent_cause,,,,
R_r3dLmhgQOglpRLj,Default Response Set,Anonymous,,,,0,1/19/2017 15:25,1/19/2017 15:35,1,1,1,1,1,0,0,94.766,0,,If the red lever had not produced a pencil they should have tried to pull the black lever again to see if a pencil was dispensed.  I would not pull the white lever because they would have gotten an eraser and a broken pencil,32.593,91.922,107.784,3,16,100,0,1,1,,1,1,,2,41,2,,,,,1,,,LeverManip|altTime|outcomeChange,Object_cause|Agent_cause,,,,
R_UDEc9z6SlUzV36F,Default Response Set,Anonymous,,,,0,1/19/2017 15:25,1/19/2017 15:35,1,1,1,1,1,0,0,7.477,0,,I honestly can not think of anything or answer what your asking me because I do think understand the question.,19.395,19.395,52.71,1,17,52,73,1,,,1,,,2,26,1,,,,,,1,,LeverManip|altTime|outcomeChange,Object_cause|Agent_cause,,,,
R_PLorvvWTjqPa4ql,Default Response Set,Anonymous,,,,0,1/19/2017 15:26,1/19/2017 15:35,1,1,1,1,1,5.812,5.812,89.288,1,The professor took one of the last two pencils.  The student that really needed a pencil would have gotten the last one instead.,,217.471,217.471,271.26,1,18,91,33,1,1,,1,1,,1,55,2,,,,,1,,,ProfManip|altTime|outcomeChange,Object_cause|Agent_cause,,,,
R_2tJw66piz9wZNSP,Default Response Set,Anonymous,,,,0,1/19/2017 15:24,1/19/2017 15:36,1,1,1,1,1,0,0,56.411,0,"If professor Smith had not taken a pencil from the vending machine someone else would have, as it appears that this particular vending machine is quite popular, but it may not have been the student that needed a pencil to take the test.  A serious problem?  Everything is relative.",,23.268,23.268,158.31,1,17,1,10,1,1,,1,1,,1,58,2,,,,,1,,,ProfManip|altTime|outcomeChange,Object_cause|Agent_cause,,,,
R_3meNayw3WQDEjOT,Default Response Set,Anonymous,,,,0,1/19/2017 15:33,1/19/2017 15:36,1,1,1,1,1,0,0,23.125,0,If he had not taken a pencil the student would have gotten a pencil. The machine could have malfunctioned on him.,,5.468,8.21,53.63,2,18,50,33,1,1,,1,1,,2,32,2,,1,,,1,,,ProfManip|altTime|outcomeChange,Object_cause|Agent_cause,,,,
R_QfvosMVQKTgx4I1,Default Response Set,Anonymous,,,,0,1/19/2017 15:31,1/19/2017 15:36,1,1,1,1,1,0,0,42.492,0,"Well, if he had not taken the pencil than none of this would have happened and the student would not be involved in this predicament. ",,12.838,45.158,47.379,4,18,0,0,1,1,1,1,1,,1,27,1,,,,,1,,,ProfManip|altTime|outcomeChange,Object_cause|Agent_cause,,,,
R_3PKURpKsve1qPzZ,Default Response Set,Anonymous,,,,0,1/19/2017 15:30,1/19/2017 15:37,1,1,1,1,1,0,0,61.821,0,,"If someone had pulled the white lever wanting an eraser, then one of the last pencils would have been snapped so when Professor Smith went to get his pencil there would only have been a broken one. If someone else had have gotten the last two pencils before he came along, pushing the red lever wouldn't have produced a pencil because there would be none left. If the red lever didn't produce a pencil Professor Smith could have tried the black one or the white one if he didn't mind a broken pencil.",77.654,77.654,217.538,1,17,0,10,1,1,,1,1,,2,34,2,,,,,1,,,LeverManip|altTime|outcomeChange,Object_cause|Agent_cause,,,,
R_2qf6NKpEchW45c4,Default Response Set,Anonymous,,,,0,1/19/2017 15:26,1/19/2017 15:37,1,1,1,1,1,0,0,61.308,0,,"NO ONE WOULD GET PENCILS, BUT THERE WOULD BE A CHANCE THAT THE STUDENT COULD HAVE GOTTEN A PENCIL ON THE NEXT PULL OF THE LEVER ",15.37,56.661,58.643,2,17,0,0,1,,,1,1,,1,29,2,,,,1,,,,LeverManip|altTime|outcomeChange,Object_cause|Agent_cause,,,,
R_3Hi6pDbnje7SMJD,Default Response Set,Anonymous,,,,0,1/19/2017 15:24,1/19/2017 15:37,1,1,1,1,1,208.241,234.727,236.353,2,,"When both levers were pulled at once, the red lever  could have gotten stuck resulting in a pencil not being produced from the vending machine. Had this happened, the student who needed the pencil for the test would have had one when she pulled the red lever. ",152.592,329.05,397.88,5,18,0,0,1,1,,1,1,,2,32,2,,,,,1,,,LeverManip|altTime|outcomeChange,Object_cause|Agent_cause,,,,
R_1dt57ypXhiOeSuZ,Default Response Set,Anonymous,,,,0,1/19/2017 15:29,1/19/2017 15:37,1,1,1,1,1,0,0,199.558,0,"If the machine is for students, he should not have been led to believe that it was okay to use it. Still, there was no way he could've known there were not plenty and the more experienced staff was also using the machine. He was just following norms, so the student now has a broken pencil.",,24.822,24.822,184.392,1,19,0,0,1,1,,1,1,,1,37,1,,,,,,,,ProfManip|altTime|outcomeChange,Object_cause|Agent_cause,,,,
R_1GHtV8uiKViSXwK,Default Response Set,Anonymous,,,,0,1/19/2017 15:34,1/19/2017 15:38,1,1,1,1,1,0,0,49.66,0,,"If the red lever did not produce a pencil, another option would be to try the black lever. If the black lever didn't work, a person could try the white lever to get both a pencil and eraser even though then pencil may have been broken, it could be sharpened. ",19.643,91.35,93.608,4,17,19,11,1,1,,1,1,,2,32,2,,,,1,,,,LeverManip|altTime|outcomeChange,Object_cause|Agent_cause,,,,
R_27BsSZGGKVqJPCq,Default Response Set,Anonymous,,,,0,1/19/2017 15:30,1/19/2017 15:38,1,1,1,1,1,81.46,81.46,129.449,1,"If Professor Smith brought his own pencils from home, he would not have taken a pencil from the vending machine. If he had not taken a pencil from the machine, the student who desperately needed a pencil could have gotten one, avoiding the serious problem.",,76.729,187.497,188.292,3,19,0,0,1,1,,1,1,,1,31,2,,1,,,,,,ProfManip|altTime|outcomeChange,Object_cause|Agent_cause,,,,
R_vSHzqvptuerQT4J,Default Response Set,Anonymous,,,,0,1/19/2017 15:30,1/19/2017 15:38,1,1,1,1,1,0,0,269.252,0,"I think that if Professor Smith would not have taken a pencil, then there is a good chance that there would have been a pencil available for the student.  He could have waited, or ran to the supply store on his break.  Students don't always have that luxury.",,16.762,16.762,103.631,1,18,2,91,1,,1,1,,,2,43,2,,,,,1,,,ProfManip|altTime|outcomeChange,Object_cause|Agent_cause,,,,
R_3j3ESC1rONqWMsE,Default Response Set,Anonymous,,,,0,1/19/2017 15:33,1/19/2017 15:39,1,1,1,1,1,0,0,90.615,0,"The person who was with the professor could have pulled the white lever so that they could most likely get a pencil and eraser. The pencil would have been snapped in half, which one of them could have taken the half with the eraser attached and just resharpened the tip. The other could have taken the end that didn't have an eraser and used the individual eraser. This way they both end up with what they need, and leave as many pencils in the vending machine as possible. ",,0,0,154.944,0,18,0,0,1,1,,1,1,,2,34,2,,,,,1,,,ProfManip|altTime|outcomeChange,Object_cause|Agent_cause,,,,
R_V3uDaMfqQFEPDwJ,Default Response Set,Anonymous,,,,0,1/19/2017 15:33,1/19/2017 15:39,1,1,1,1,1,0,0,77.63,0,,"According to the story both red and black levers produce a pencil it would seem illogical to think that the pencil would not come out if both levers were pulled (black and red). Hence the only notion that it would not have produced a pencil would be to presume that the white lever was pulled which produced a broken pencil and eraser. In such a situation both levers could be pulled, (red and white) and it would not produce a pencil since it would break. ",33.035,160.317,163.503,6,16,0,0,1,1,,1,1,,1,29,2,,,,,1,,,LeverManip|altTime|outcomeChange,Object_cause|Agent_cause,,,,
R_31jzCCpyQS1HAe8,Default Response Set,Anonymous,,,,0,1/19/2017 15:36,1/19/2017 15:39,1,1,1,1,1,0,0,52.697,0,"Professor Smith could have shared a pencil with his TA or with a student. If he did share a pencil then the student that followed, needing a pencil, would have had one to use.",,7.842,7.842,54.064,1,19,0,0,1,1,,1,1,,2,33,2,,,,,1,,,ProfManip|altTime|outcomeChange,Object_cause|Agent_cause,,,,
R_pLSdDC8c3vrwFpf,Default Response Set,Anonymous,,,,0,1/19/2017 15:35,1/19/2017 15:39,1,1,1,1,1,0,0,73.45,0,"If Professor had not taken a pencil, the student would have had a pencil for the test.  Professor Smith should let the student borrow the pencil for the test and then she will give it back to him when done.",,15.208,15.208,67.202,1,18,10,98,1,1,,1,,,2,44,2,,,,,1,,,ProfManip|altTime|outcomeChange,Object_cause|Agent_cause,,,,
R_3lVJuOr0cH0RKqy,Default Response Set,Anonymous,,,,0,1/19/2017 15:33,1/19/2017 15:39,1,1,1,1,1,0,0,55.448,0,"If Smith wasn't told that he could have taken pencils, then he wouldn't be taking pencils and the student would have a pencil.   /  / Also, this question is worded strangely.  I really do not understand it.",,16.399,16.399,137.503,1,18,0,0,,1,1,1,1,,2,41,2,,,,,1,,,ProfManip|altTime|outcomeChange,Object_cause|Agent_cause,,,,
R_3PYpPOLUMjz2UOn,Default Response Set,Anonymous,,,,0,1/19/2017 15:34,1/19/2017 15:39,1,1,1,1,1,0,0,73.12,0,,"I would imagine the two would have to share the pencil.  Since another student also didn't have the pencil, two would have to wait while the first used the pencil first.",25.82,120.395,123.416,4,16,0,0,1,1,,1,1,,1,65,2,,,,,1,,,LeverManip|altTime|outcomeChange,Object_cause|Agent_cause,,,,
R_8kQxr5jjo7AKLxD,Default Response Set,Anonymous,,,,0,1/19/2017 15:36,1/19/2017 15:39,1,1,1,1,1,0,0,63.683,0,"I think that Professor Smith could have just shared a pencil with the administrative assistant.  That way, whoever needed a pencil would have one.  I don't think Professor Smith should have taken the last pencil.  If there was one more pencil, then the student needing a pencil for the test would have one.",,17.6,17.6,83.237,1,18,10,80,1,1,,1,1,,2,42,2,,,,,1,,,ProfManip|altTime|outcomeChange,Object_cause|Agent_cause,,,,
R_2TZOPzInul9sgan,Default Response Set,Anonymous,,,,0,1/19/2017 15:32,1/19/2017 15:40,1,1,1,1,1,0,0,91.88,0,,If the red lever had not produced a pencil it could produced an eraser. / Or the red lever could have been used to produce a different office supply.,38.601,38.601,190.67,1,16,100,3,1,1,,1,1,,2,25,2,,,,,1,,,LeverManip|altTime|outcomeChange,Object_cause|Agent_cause,,,,
R_1gnjjvSs0m572gV,Default Response Set,Anonymous,,,,0,1/19/2017 15:40,1/19/2017 15:42,1,1,1,1,1,0,0,18.236,0,,Then maybe the student couldve pulled it again and it would have worked for him,7.217,7.217,25.982,1,18,93,36,1,1,,1,1,,2,22,1,,,,,1,,,LeverManip|altTime|outcomeChange,Object_cause|Agent_cause,,,,
R_3in91BNvsvMVYoq,Default Response Set,Anonymous,,,,0,1/19/2017 15:23,1/19/2017 15:42,1,1,1,1,1,0,0,110.691,0,"If the professor would have pulled the white lever, a pencil and eraser would have come out. The pencil would have been broken and both professors could have shared the broken pieces. then when the student appeared, she'd have a pencil",,15.886,18.176,80.652,2,18,10,10,1,1,,1,1,,2,35,1,,,,,1,,,ProfManip|altTime|outcomeChange,Object_cause|Agent_cause,,,,
R_2c8FeCrmEExLwoB,Default Response Set,Anonymous,,,,0,1/19/2017 15:36,1/19/2017 15:42,1,1,1,1,1,0,0,76.304,0,,"I believe that the reason that it functioned properly is because both levers were being operated at the same time, which normally does not happen and therefore producing both pencils as requested. I believe that had it not, one teacher would not have gotten a pencil and would have notified someone who would have in return, refilled the machine and the teachers as well as the student would have gotten their pencil. Also another outcome is if the new teacher would have had a negative experience, he would feel different about ever relying on the pencil machine in the future",21.744,21.744,194.829,1,18,100,59,1,1,,1,1,,1,30,2,,,,1,,,,LeverManip|altTime|outcomeChange,Object_cause|Agent_cause,,,,
R_1o7NnU5Wzs5l4rV,Default Response Set,Anonymous,,,,0,1/19/2017 15:33,1/19/2017 15:42,1,1,1,1,1,0,0,133.825,0,If Professors smith didn't take a pencil form the vending machine there would be one left. The student who needed a pencil for the test would have had one. I think professor smith should have told someone to reload the machine.,,18.014,18.15,231.027,2,18,1,52,1,1,,1,1,,1,37,2,,,,,,1,,ProfManip|altTime|outcomeChange,Object_cause|Agent_cause,,,,
R_bKFeKwX1GCT87QJ,Default Response Set,Anonymous,,,,0,1/19/2017 15:39,1/19/2017 15:43,1,1,1,1,1,0.796,1.684,52.875,2,"Professor Smith and his assistant could have shared one pencil, although I'm not sure there was any indication they would be taking the last two pencils from the machine. The reason they may have done so was to be careful not to take too many pencils in case a student needed one as well. In this way, the assistant pulls one lever to procure a pencil for him/herself and Prof. Smith while still (knowingly or otherwise) leaving one pencil for the student that would later need one as well.",,47.945,47.945,171.195,1,19,0,0,1,1,,1,1,,1,33,2,,,,,1,,,ProfManip|altTime|outcomeChange,Object_cause|Agent_cause,,,,
R_21pnrYDBOny4KSp,Default Response Set,Anonymous,,,,0,1/19/2017 15:40,1/19/2017 15:43,1,1,1,1,1,2.611,8.381,51.12,3,"If the professor had NOT taken one of the last two pencils from the machine, then the student who had needed the last pencil could have gotten one.",,0,0,61.965,0,17,0,58,1,1,,1,1,,2,29,2,,,,,1,,,ProfManip|altTime|outcomeChange,Object_cause|Agent_cause,,,,
R_3fiU96T3dL2WxdX,Default Response Set,Anonymous,,,,0,1/19/2017 15:39,1/19/2017 15:44,1,1,1,1,1,0,0,58.654,0,"He could have borrowed a pencil for someone else, leaving the last pencil for the student. However, If no one had a pencil he could have borrowed, he would have no chose, but to get one from the machine. He needed a pencil, he should have taken a pencil.",,33.784,127.896,161.029,9,17,0,0,1,1,,1,1,,2,38,2,,,,,1,,,ProfManip|altTime|outcomeChange,Object_cause|Agent_cause,,,,
R_2CKht7FAZ7pfAXm,Default Response Set,Anonymous,,,,0,1/19/2017 15:32,1/19/2017 15:45,1,1,1,1,1,0,0,329.379,0,Professor Smith should have brought his own pencil from home. Students are often careless and always forget supplies. If he had been ready for like an adult should be the student would have had a pencil.,,57.207,173.651,215.621,3,17,0,11,1,1,,1,1,,2,32,2,,,,1,,,,ProfManip|altTime|outcomeChange,Object_cause|Agent_cause,,,,
R_3h4GwaWjUmnsIn8,Default Response Set,Anonymous,,,,0,1/19/2017 15:42,1/19/2017 15:45,1,1,1,1,1,1.343,4.16,43.52,2,"One thing that could have gone differently is the machine is out of pencils, or only has broken pencils from people trying to get erasers. It could have also gone differently if he brought his own pencils from home. It could also have gone differently if the administrative assistant got there first and took both pencils.",,12.874,42.562,78.394,3,16,0,50,1,1,,1,1,,1,36,2,,,,,1,,,ProfManip|altTime|outcomeChange,Object_cause|Agent_cause,,,,
R_2uIJUuwJ8lx5MTa,Default Response Set,Anonymous,,,,0,1/19/2017 15:42,1/19/2017 15:45,1,1,1,1,1,2.714,3.178,20.972,2,,They could've checked the machine to see if it was a faulty machine and if anything came wrong with it and also checked regularly for pencils ,1.208,67.436,71.896,6,18,30,65,,1,,,1,,1,22,2,,,,1,,,,LeverManip|altTime|outcomeChange,Object_cause|Agent_cause,,,,
R_4NnrTX4Xaieukq5,Default Response Set,Anonymous,,,,0,1/19/2017 15:40,1/19/2017 15:45,1,1,1,1,1,4.316,83.961,145.844,2,"Professor Smith and the other Professor could've shared a pencil.  Also, he could've bought pencils from the store before.",,17.512,17.512,72.515,1,17,0,50,1,1,1,1,1,,2,28,2,,,,,1,,,ProfManip|altTime|outcomeChange,Object_cause|Agent_cause,,,,
R_1Hi58zCXDL1QVKc,Default Response Set,Anonymous,,,,0,1/19/2017 15:43,1/19/2017 15:46,1,1,1,1,1,0,0,23.222,0,,"If the red lever had not produced a pencil, I likely would have either had to confront someone that could potentially have a key to the vending machine, or would need to pay for another pencil and hope it works this time.",4.596,7.125,46.362,2,17,84,0,1,1,,1,1,,1,18,2,,,,,1,,,LeverManip|altTime|outcomeChange,Object_cause|Agent_cause,,,,
R_27DzbdPKDJARXp0,Default Response Set,Anonymous,,,,0,1/19/2017 15:38,1/19/2017 15:46,1,1,1,1,1,1.937,58.101,61.643,2,,If the red lever did not function then Professor Smith would have tried to pull the black lever to get his pencil (since it also produces pencils). And that would still lead to the student not having a pencil for the test. ,35.344,329.698,329.914,10,16,0,60,1,1,,1,1,,1,19,1,,1,,,,1,,LeverManip|altTime|outcomeChange,Object_cause|Agent_cause,,,,
R_1QN0L6rlo6JH7Jd,Default Response Set,Anonymous,,,,0,1/19/2017 15:39,1/19/2017 15:47,1,1,1,1,1,0,0,79.936,0,Professor Smith could have pulled the white level in search for an eraser and that would have left a pencil in the machine for the student who needed it to take a test. This would have worked out for both parties because the Professor only needed an eraser.,,1.117,17.214,61.602,4,19,20,85,1,1,,1,1,,1,22,2,,1,,,,,,ProfManip|altTime|outcomeChange,Object_cause|Agent_cause,,,,
R_e8OMe35ZHlSCg13,Default Response Set,Anonymous,,,,0,1/19/2017 15:44,1/19/2017 15:47,1,1,1,1,1,0,0,46.578,0,"If Smith had not taken a pencil, there would be one left. The student could take it by pulling the black or red lever. If the student pulled the white level, not knowing about the malfunction, the pencil would likely break, and the student would have none. ",,19.885,19.885,83.52,1,18,0,0,1,1,,1,1,,1,34,2,,,,,1,,,ProfManip|altTime|outcomeChange,Object_cause|Agent_cause,,,,
R_2w1330TOPiqDhlm,Default Response Set,Anonymous,,,,0,1/19/2017 15:41,1/19/2017 15:47,1,1,1,1,1,2.513,46.505,173.641,2,,"Maybe, by chance the lever would not have produced a pencil for the professor leaving one for the student. Chances are it could have still equally not worked for the student then though.",61.949,61.949,94.558,1,17,19,10,1,1,,1,1,,1,28,2,,,,,1,,,LeverManip|altTime|outcomeChange,Object_cause|Agent_cause,,,,
R_3pfJ8QjULmMVtEk,Default Response Set,Anonymous,,,,0,1/19/2017 15:43,1/19/2017 15:48,1,1,1,1,1,0,0,36.165,0,,If the red lever had not functioned then the professor and assistant wouldn't have taken the last of the pencils.  The student would have been able to get one.,1.556,1.556,142.519,1,17,77,61,1,1,,1,1,,2,44,2,,,,,1,,,LeverManip|altTime|outcomeChange,Object_cause|Agent_cause,,,,
R_3eabWaFBa0HkU2t,Default Response Set,Anonymous,,,,0,1/19/2017 15:42,1/19/2017 15:48,1,1,1,1,1,0,0,91.755,0,,"If the red lever had not have functioned properly such as getting jammed a pencil would still be in there. Maybe the black lever would have worked instead. If it didn't produce a pencil out of the machine, there would still be a pencil for someone else if the other lever worked.",33.798,33.798,114.365,1,18,0,0,1,,,1,,,2,33,2,,,,,1,,,LeverManip|altTime|outcomeChange,Object_cause|Agent_cause,,,,
R_3hnhS1zLZrC0tvC,Default Response Set,Anonymous,,,,0,1/19/2017 15:47,1/19/2017 15:48,1,1,1,1,1,0,0,1.917,0,,well if the machine does not produce the pencil and it would malfunction. we would not want that to happen as the machine would lose money and lose productivity. ,0.992,1.331,39.32,2,17,54,39,1,,,,1,,1,25,2,,,,,1,,,LeverManip|altTime|outcomeChange,Object_cause|Agent_cause,,,,
R_qDcGZF6JVp4ZjoZ,Default Response Set,Anonymous,,,,0,1/19/2017 15:42,1/19/2017 15:48,1,1,1,1,1,0,0,74.548,0,,"If the assistant had let the new professor go first and he had pulled the white lever.  If the professor then pulled the black lever, the red lever would have produced nothing.  If the assistant had needed an eraser and pulled the white lever after he pulled the black, the result would have been the same.  One thing, we don't know is, what happens when either the black or red lever is pulled consecutively?  Perhaps, if the assistant had pulled the red lever to receive his pencil, perhaps the red would have malfunctioned when pulled a second time.",28.194,28.194,216.953,1,16,0,5,1,1,,1,1,,1,40,2,,,,,1,,,LeverManip|altTime|outcomeChange,Object_cause|Agent_cause,,,,
R_2TESpR0flaneJ3D,Default Response Set,Anonymous,,,,0,1/19/2017 15:44,1/19/2017 15:49,1,1,1,1,1,0,0,60.914,0,"I think he should have listened and not taken a pencil. Had he not, the student would have had a pencil to use.",,5.199,26.159,28.701,2,18,0,0,1,1,,1,1,,2,,,,,,,,,,ProfManip|altTime|outcomeChange,Object_cause|Agent_cause,,,,
R_22E0Ct56uqeVaUC,Default Response Set,Anonymous,,,,0,1/19/2017 15:46,1/19/2017 15:49,1,1,1,1,1,0,0,63.207,0,"If Professor Smith wouldn't have taken the pencil, it would have been there for the student who needed it.  I think the machine should only be there for students only.",,9.817,9.817,50.372,1,18,0,100,1,1,1,1,1,,2,43,2,,,,,1,,,ProfManip|altTime|outcomeChange,Object_cause|Agent_cause,,,,
R_r14ArwoIbMlOSoF,Default Response Set,Anonymous,,,,0,1/19/2017 15:42,1/19/2017 15:49,1,1,1,1,1,14.072,20.372,60.363,3,,"The machine should only have one lever that produces a pencil. Get rid of either the red or black lever. It makes no sense to have two levers that do the same thing. As far as things going differently, the two people should not have been pulling on the levers at the same time. If the red lever had not produced a pencil I am guessing the person would have just pulled the black lever to get one. I don't think there is any way around the machine running out of pencils. It just needs to be filled up again.",72.6,77.284,236.317,2,16,0,0,1,1,,1,1,,1,45,2,,,,,,,1,LeverManip|altTime|outcomeChange,Object_cause|Agent_cause,,,,
R_2rlnWesk8j23qel,Default Response Set,Anonymous,,,,0,1/19/2017 15:47,1/19/2017 15:50,1,1,1,1,1,0,0,43.635,0,He could have taken a pencil with him from his office.  The student then would have had a pencil.,,1.334,1.334,39.153,1,19,0,87,1,1,,1,1,,1,33,2,,,,,1,,,ProfManip|altTime|outcomeChange,Object_cause|Agent_cause,,,,
R_1MXpRw6xJuGTtQG,Default Response Set,Anonymous,,,,0,1/19/2017 15:44,1/19/2017 15:50,1,1,1,1,1,0,0,42.044,0,"Professor Smith could have possibly used a pencil located in the building somewhere, or could've borrowed one from a student or another professor. If Professor Smith had not taken a pencil from the vending machine, the student would've been able to get one.",,11.107,11.107,87.216,1,19,66,50,1,1,,1,1,,2,50,2,,,,,1,,,ProfManip|altTime|outcomeChange,Object_cause|Agent_cause,,,,
R_2tu0lpXtaNxQ7X5,Default Response Set,Anonymous,,,,0,1/19/2017 15:46,1/19/2017 15:51,1,1,1,1,1,0,0,53.817,0,,"The red lever might have simply failed to produce a pencil when pulled, in which case the person would probably have tried pulling the black lever instead. They would have gotten a pencil regardless, and the next person to come would still have not gotten any pencil due to them all being gone.",1.473,49.896,114.084,2,16,0,60,1,1,,1,1,,1,36,2,,,,,1,,,LeverManip|altTime|outcomeChange,Object_cause|Agent_cause,,,,
R_tKHJHtnlEj6I2Wt,Default Response Set,Anonymous,,,,0,1/19/2017 15:46,1/19/2017 15:52,1,1,1,1,1,0,0,77.515,0,"If Professor Smith hadn't taken the pencil from the vending machine, then that girl would have gotten a pencil for her test. Either that or someone could have gotten an eraser and the last pencil would have been broken.",,14.45,14.45,81.45,1,17,21,39,1,1,,1,1,,2,39,2,1,,,,1,,,ProfManip|altTime|outcomeChange,Object_cause|Agent_cause,,,,
R_ZfwaAzxQ0ZzhvUZ,Default Response Set,Anonymous,,,,0,1/19/2017 15:46,1/19/2017 15:52,1,1,1,1,1,0,0,100.57,0,If one had not taken a pencil then the student who needed one would have been able an to get one. I assume students need them more. ,,6.421,46.277,142.832,3,18,50,61,1,1,,1,,,1,39,1,,,,,1,,,ProfManip|altTime|outcomeChange,Object_cause|Agent_cause,,,,
R_3D6ZCzTVunTaIL6,Default Response Set,Anonymous,,,,0,1/19/2017 15:48,1/19/2017 15:53,1,1,1,1,1,0,0,51.637,0,The student would have had the pencil needed to take the test.  Students after the one mentioned would have had the pencils the professor took as well.,,13.711,13.711,49.703,1,18,25,11,1,1,,1,1,,2,37,2,,,,,1,,,ProfManip|altTime|outcomeChange,Object_cause|Agent_cause,,,,
R_3KZRpuNmNL8DUlt,Default Response Set,Anonymous,,,,0,1/19/2017 15:47,1/19/2017 15:55,1,1,1,1,1,0,0,185.682,0,"If the professor would have brought his own pencil, he wouldn't of had to get one from the machine.  He could also have borrowed one from someone else.  If he had left the pencil in there, the next student would have been able to use it.",,131.672,226.754,242.901,6,18,0,0,1,1,,1,1,,2,27,2,,,,,1,,,ProfManip|altTime|outcomeChange,Object_cause|Agent_cause,,,,
R_2dT2ugiYeMyZszN,Default Response Set,Anonymous,,,,0,1/19/2017 15:53,1/19/2017 15:56,1,1,1,1,1,0,0,51.553,0,,If the Red lever does not work when the black one is being pulled around that time. There could also be more pencils in the machine. ,12.895,12.895,57.365,1,18,9,28,1,1,,1,1,,1,22,2,,,,,1,,,LeverManip|altTime|outcomeChange,Object_cause|Agent_cause,,,,
R_3hGzJZsstJtLyog,Default Response Set,Anonymous,,,,0,1/19/2017 15:53,1/19/2017 15:56,1,1,1,1,1,0,0,61.672,0,,"The red lever could of ended up working like the white lever and malfunctioning, but in the opposite way by not producing a pencil at all. If the red lever would not have produced a pencil, one of the professors wouldn't of got it, but the student might of.",3.105,3.105,80.553,1,16,0,0,1,1,,1,1,,2,26,1,,,,,1,,,LeverManip|altTime|outcomeChange,Object_cause|Agent_cause,,,,
R_3EmovJ8XTiCh5vQ,Default Response Set,Anonymous,,,,0,1/19/2017 15:52,1/19/2017 15:57,1,1,1,1,1,0,0,74.01,0,,"If the first person had needed an eraser and pencil (red or black lever, and then white) that may have used up the last two pencils and the next time the red would be pulled nothing would happen. This would mean the red lever would not produce a pencil. ",20.891,107.258,118.26,7,16,10,30,1,1,,1,1,,2,29,2,,,,,1,,,LeverManip|altTime|outcomeChange,Object_cause|Agent_cause,,,,
R_2RWg9OM59u6uNY7,Default Response Set,Anonymous,,,,0,1/19/2017 15:55,1/19/2017 15:59,1,1,1,1,1,0,0,51.207,0,,"If the black lever and the white lever had been pulled, then one, pencil, one eraser, and probably a second pencil would have been produced. This would have emptied the machine of pencils and then the red lever would no longer function as intended if the following student had tried to get a pencil.",47.748,64.418,143.213,3,16,0,0,1,1,,1,1,,1,40,2,,,,,1,,,LeverManip|altTime|outcomeChange,Object_cause|Agent_cause,,,,
R_3j89t3UsGpaBFCb,Default Response Set,Anonymous,,,,0,1/19/2017 15:53,1/19/2017 15:59,1,1,1,1,1,5.319,20.975,23.492,2,,The pencil could have broken and gotten jammed in the machine. It is also possible that the student who needed the pencil to take a test would have gotten that last pencil instead.,12.691,292.147,292.713,4,18,0,50,1,1,,1,1,,1,27,2,,,,,1,,,LeverManip|altTime|outcomeChange,Object_cause|Agent_cause,,,,
R_32RaaEHXVx6Qxl3,Default Response Set,Anonymous,,,,0,1/19/2017 15:57,1/19/2017 16:01,1,1,1,1,1,0,0,65.218,0,"I guess if the professor had brought his own pencils he wouldn't have to take a pencil from the machine. Also, if he did not take one of the pencils then one of the students would have one for taking the test.",,14.539,60.477,60.872,2,18,20,20,1,1,,,1,,1,30,1,,,,,1,,,ProfManip|altTime|outcomeChange,Object_cause|Agent_cause,,,,
R_1GHpO6eBEyU83nx,Default Response Set,Anonymous,,,,0,1/19/2017 15:58,1/19/2017 16:01,1,1,1,1,1,0,0,60.726,0,"The student would of been able to get a pencil for the test.  Since Professor Smith took the last one, the student could not get a pencil.  ",,1.371,1.371,60.664,1,19,1,19,1,,1,1,1,,2,50,2,,,,,1,,,ProfManip|altTime|outcomeChange,Object_cause|Agent_cause,,,,
R_3M6yJZyVXTic8U3,Default Response Set,Anonymous,,,,0,1/19/2017 16:01,1/19/2017 16:05,1,1,1,1,1,0,0,36.997,0,,"If the red lever didn't produce a pencil, then the professor and the student both would be frantically left looking for one. Instead of just one person being out a pencil, it would be two people. So, the scenario would have been worse for both people, and not just one.",3.351,4.053,50.573,2,17,44,60,,,1,1,,,2,23,2,,,,,1,,,LeverManip|altTime|outcomeChange,Object_cause|Agent_cause,,,,
R_UgLXxP6yMkcvgw9,Default Response Set,Anonymous,,,,0,1/19/2017 15:59,1/19/2017 16:06,1,1,1,1,1,30.503,38.354,39.506,4,"If Professor Smith had decided to use a pen instead of a pencil, he would not have taken the last pencil. If he had decided to not need a pencil, the student who needed it would have gotten it.",,44.462,172.461,174.2,32,18,1,1,1,1,,1,1,,2,44,2,,,,,1,,,ProfManip|altTime|outcomeChange,Object_cause|Agent_cause,,,,
R_2rGi1r9g6Be8w9h,Default Response Set,Anonymous,,,,0,1/19/2017 15:59,1/19/2017 16:06,1,1,1,1,1,0,0,142.67,0,"Professor Smith could have brought a pencil from home instead of taking a pencil from the vending machine. Or he could have used the pencil the assistant had when the assistant was done. Therefore, the student would have had access to a pencil for the test.",,24.957,24.957,118.027,1,18,1,40,1,1,,1,1,,2,42,2,,,,,1,,,ProfManip|altTime|outcomeChange,Object_cause|Agent_cause,,,,
R_3JIWy78EHjQEGOY,Default Response Set,Anonymous,,,,0,1/19/2017 16:03,1/19/2017 16:06,1,1,1,1,1,0,0,64.295,0,,If it would have not produced a pencil than a pencil would still be left. Than the student would have gotten a chance to retrieve that pencil.,18.324,18.324,59.265,1,18,0,0,1,1,,1,1,,2,27,2,,1,,,,,,LeverManip|altTime|outcomeChange,Object_cause|Agent_cause,,,,
R_ROIho23VsPKceD7,Default Response Set,Anonymous,,,,0,1/19/2017 16:03,1/19/2017 16:07,1,1,1,1,1,0,0,104.748,0,"Professor Smith could have decided to not take a pencil from the vending machine. As a result, the student who came afterwards would have gotten the pencil that they desperately need. ",,7.306,46.581,49.217,2,18,0,0,1,1,,1,1,,1,26,2,,1,1,,,,,ProfManip|altTime|outcomeChange,Object_cause|Agent_cause,,,,
R_57Nqvj99WJENuId,Default Response Set,Anonymous,,,,0,1/19/2017 16:05,1/19/2017 16:08,1,1,1,1,1,0,0,48.452,0,"Professor Smith could have not yet been told about the vending machine and so when he did not have a pencil, he decided to just use a pen. If Professor Smith had not taken a pencil, then the student would have been able to get a pencil for his test.",,14.591,61.133,93.322,3,18,11,50,1,1,,1,1,,2,23,2,,,,,1,,,ProfManip|altTime|outcomeChange,Object_cause|Agent_cause,,,,
R_0MPmGn5lHFJT9oB,Default Response Set,Anonymous,,,,0,1/19/2017 16:05,1/19/2017 16:10,1,1,1,1,1,0,0,65.072,0,,"If there were no pencils in the machine then pulling the red lever would produce no pencils. If the red lever were broken, also no pencils would be forthcoming. If the red lever had not produced a pencil then the person wanting a pencil would try the black lever.",25.423,109.702,151.456,3,17,0,0,1,1,,1,1,,1,50,2,,,,,1,,,LeverManip|altTime|outcomeChange,Object_cause|Agent_cause,,,,
R_3KB1hvLDCYihnWq,Default Response Set,Anonymous,,,,0,1/19/2017 16:05,1/19/2017 16:10,1,1,1,1,1,2.302,7.405,47.332,3,"Professor Smith could have been told that students often need pencils from the machine to take tests, and to give them priority for the pencils. Alternatively, Professor Smith should have brought his own pencil. If Smith had not take a pencil, the student with desperate need for it would have been able to get a pencil for a test.",,1.409,1.409,177.966,1,18,0,60,1,1,,1,1,,1,26,2,,1,,,,,,ProfManip|altTime|outcomeChange,Object_cause|Agent_cause,,,,
R_pn5iJS7989O3meJ,Default Response Set,Anonymous,,,,0,1/19/2017 16:05,1/19/2017 16:11,1,1,1,1,1,1.95,8.642,60.245,2,,"If the red lever had not produced a pencil, they could have then tried to pull the red lever a second time or by pulling the black lever.  If they were unable to produce the pencil then the professor or administrative assistant would not have a pencil.",26.835,122.59,189.224,4,17,0,80,1,1,,1,1,,1,38,2,,,,,1,,,LeverManip|altTime|outcomeChange,Object_cause|Agent_cause,,,,
R_1K3CrVAtgwctuBK,Default Response Set,Anonymous,,,,0,1/19/2017 16:08,1/19/2017 16:11,1,1,1,1,1,0,0,46.563,0,"If that had both not pulled the lever at the same time, and just waited then the issue would be better. If they would have went separately, then the professors would both have a pencil as well as the student who came behind them.",,8.263,8.263,77.695,1,18,0,26,1,1,,1,1,,2,21,2,,,,1,,,,ProfManip|altTime|outcomeChange,Object_cause|Agent_cause,,,,
R_AzaNgTKN5WELJp7,Default Response Set,Anonymous,,,,0,1/19/2017 16:07,1/19/2017 16:11,1,1,1,1,1,7.922,7.922,70.578,1,Both professors could have shared the pencil. Someone can still use the broken pencils.,,18.815,18.815,73.816,1,18,10,50,1,1,,1,,,2,30,2,,,,,1,,,ProfManip|altTime|outcomeChange,Object_cause|Agent_cause,,,,
R_eyOBGl4PJ1VUp21,Default Response Set,Anonymous,,,,0,1/19/2017 16:10,1/19/2017 16:12,1,1,1,1,1,1.814,2.559,2.747,2,He could have not pulled a lever and the student would have got the pencil they desperately needed.,,0.953,26.136,47.018,4,19,0,0,1,1,,1,1,,1,27,2,,,,,1,,,ProfManip|altTime|outcomeChange,Object_cause|Agent_cause,,,,
R_1LFplZwLvxWZKzb,Default Response Set,Anonymous,,,,0,1/19/2017 16:10,1/19/2017 16:12,1,1,1,1,1,0,0,39.124,0,,The red lever could have dispensed both an eraser and a pencil had it malfunctioned. This would have led to neither Professor Smith nor the student receiving pencils.,1.108,41.968,46.701,3,16,2,6,1,1,,1,1,,1,20,1,,,,1,1,1,,LeverManip|altTime|outcomeChange,Object_cause|Agent_cause,,,,
R_3j7lktmz5Qz2cOD,Default Response Set,Anonymous,,,,0,1/19/2017 16:07,1/19/2017 16:13,1,1,1,1,1,0,0,109.759,0,,"If the red lever had not worked, then the person trying it might have tried the white one instead, just to see what happened. Then he MAY or MAY NOT have received a pencil, because evidently sometimes they are broken when the white lever is used.",27.784,27.784,122.842,1,17,0,0,1,1,,1,1,,1,42,1,,,,,1,,,LeverManip|altTime|outcomeChange,Object_cause|Agent_cause,,,,
R_a2XuYUuEbHFFQk1,Default Response Set,Anonymous,,,,0,1/19/2017 16:07,1/19/2017 16:13,1,1,1,1,1,0,0,217.088,0,,if the red lever would have not produced a pencil i would have tried the black lever,1.669,1.669,41.409,1,17,5,0,1,1,,1,1,,2,31,2,,,,,1,,,LeverManip|altTime|outcomeChange,Object_cause|Agent_cause,,,,
R_2aF70nlC81oeByI,Default Response Set,Anonymous,,,,0,1/19/2017 16:12,1/19/2017 16:15,1,1,1,1,1,0,0,55.366,0,"Professor Smith could use a small amount of approved university funds to purchase pencils for his department, which would have resulted in there being pencils for students, who are the ones who ultimately need them.",,15.732,15.732,64.573,1,19,4,100,1,1,,1,1,,1,27,2,,,,,1,,,ProfManip|altTime|outcomeChange,Object_cause|Agent_cause,,,,
R_3MGcIYLOh3gyUNs,Default Response Set,Anonymous,,,,0,1/19/2017 16:07,1/19/2017 16:17,1,1,1,1,1,0,0,112.3,0,,If the red lever would not have worked then maybe the student would have gotten a pencil. Provided the student only needed a pencil and not an eraser also. Because the white lever is also broken.,25.733,268.549,309.008,12,17,98,66,1,,1,,1,,2,38,2,,,,,1,,,LeverManip|altTime|outcomeChange,Object_cause|Agent_cause,,,,
R_PXwzwpm5veGlCpP,Default Response Set,Anonymous,,,,0,1/19/2017 16:13,1/19/2017 16:17,1,1,1,1,1,0,0,41.155,0,"The professor might not have taken a pencil if the department provided faculty with pencils, rather than have them use the machine. If he hadn't taken a pencil, the student might have gotten the pencil.",,25.909,25.909,98.744,1,18,0,0,1,1,,1,1,,2,37,2,,,,,,1,,ProfManip|altTime|outcomeChange,Object_cause|Agent_cause,,,,
R_3kbqyVFHZRPB2Lo,Default Response Set,Anonymous,,,,0,1/19/2017 16:13,1/19/2017 16:17,1,1,1,1,1,0,0,34.105,0,"Regardless if he did not know that the level was broken, this wouldn't of been expected. I could say that things would be different but ultimately this was to  happen. i think we spend too much time on what could've would've should've. It doesn't progress the future, it just distracts us from what's really going on in the present moment. ",,1.753,70.784,113.829,6,17,1,1,,,1,,,1,2,24,,,,,,,,,ProfManip|altTime|outcomeChange,Object_cause|Agent_cause,,,,
R_1kHTVezAsTp3d9j,Default Response Set,Anonymous,,,,0,1/19/2017 16:14,1/19/2017 16:18,1,1,1,1,1,0,0,113.085,0,"First come, first served so Professor Smith had every right to take the pencil. The student should not rely on the machine to be fully stocked, although had Professor Smith not taken a pencil the student would have taken her exam.",,13.369,13.369,72.512,1,18,10,11,1,1,,1,1,,2,49,2,,,,,1,,,ProfManip|altTime|outcomeChange,Object_cause|Agent_cause,,,,
R_AzzqofdAClQWjjr,Default Response Set,Anonymous,,,,0,1/19/2017 16:14,1/19/2017 16:19,1,1,1,1,1,0,0,69.574,0,,"If the red lever had not produced a pencil, the student who required one would most likely then have one to use. Which, in turn would have allowed them to continue on with whatever task they had been intending to do. The opposite is true for the teacher.",17.648,17.648,96.76,1,18,0,0,1,1,,1,1,,1,34,2,,,,,1,,,LeverManip|altTime|outcomeChange,Object_cause|Agent_cause,,,,
R_29nwLcmMZWpmGnk,Default Response Set,Anonymous,,,,0,1/19/2017 16:15,1/19/2017 16:19,1,1,1,1,1,0,0,57.725,0,,"I don't see any other way that things could have gone differently. Both the red lever and the black lever do not malfunction and they produce pencils. If the red lever did not function properly, the black lever would have been used to produce a pencil. In any case, the student would have not been able to get a pencil because the red and black levers were working fine for the professor and the assistant. ",17.124,130.695,134.963,3,16,0,50,1,1,,1,1,,1,26,2,,1,,,,,,LeverManip|altTime|outcomeChange,Object_cause|Agent_cause,,,,
R_1MYhYFjJwh2p9KK,Default Response Set,Anonymous,,,,0,1/19/2017 16:18,1/19/2017 16:21,1,1,1,1,1,0,0,50.477,0,"If Professor Smith did not take the last pencil, the student who pays to attend the school would have a pencil for her class. ",,12.016,56.958,61.355,6,18,0,100,1,1,,1,1,,2,26,,,,,,,,,ProfManip|altTime|outcomeChange,Object_cause|Agent_cause,,,,
R_CgkiIy2fPs37YvD,Default Response Set,Anonymous,,,,0,1/19/2017 16:21,1/19/2017 16:25,1,1,1,1,1,0,0,75.071,0,,"There could be a malfunction in the vending machine that prevents it from being able to dispense pencils. If this had happened, the professor would not have been able to get a pencil when he pulled the red lever. If the student had arrived later and pulled a different lever for a pencil, they would have gotten the pencil they needed.",1.211,1.211,76.077,1,18,2,61,1,1,,1,1,,1,29,2,,1,,,,,,LeverManip|altTime|outcomeChange,Object_cause|Agent_cause,,,,
R_3JvZRWRbqymRGrF,Default Response Set,Anonymous,,,,0,1/19/2017 16:19,1/19/2017 16:26,1,1,1,1,1,1.143,194.965,228.827,9," The Professor could have provided his own writing utensil. He should have come prepared so the student had access for the test. Had he not taken a pencil, it would have been an extra for a student in the machine. ",,1.373,99.47,103.04,7,18,0,52,1,1,,1,1,,2,31,2,,,,,1,,,ProfManip|altTime|outcomeChange,Object_cause|Agent_cause,,,,
R_yqKXUI440S3WIRH,Default Response Set,Anonymous,,,,0,1/19/2017 16:20,1/19/2017 16:26,1,1,1,1,1,0,0,101.507,0,,"It was stated that after the two professors pull the black and red levers, there was no more pencils in the machine. That means there was 1 pencil in each the black slot and red slot. If the first professor pulled the red lever first, there would be no more pencils in the red slot for the second professor if he'd pulled the red lever.",27.887,27.887,154.257,1,17,0,51,1,1,,1,1,,1,31,,,,,,,,,LeverManip|altTime|outcomeChange,Object_cause|Agent_cause,,,,
R_1rq7oxoUCgAxAcv,Default Response Set,Anonymous,,,,0,1/19/2017 16:24,1/19/2017 16:27,1,1,1,1,1,0,0,55.664,0,,"If the red lever had not produced a pencil, the other professor would simply wait for the black lever to be pressed by Professor Smith and then pull the black lever for himself--dispensing another pencil. ",11.071,11.071,58.491,1,16,90,0,1,1,,1,1,,1,24,2,,1,,,,,,LeverManip|altTime|outcomeChange,Object_cause|Agent_cause,,,,
R_32RCeqrORQ9Pv96,Default Response Set,Anonymous,,,,0,1/19/2017 16:24,1/19/2017 16:27,1,1,1,1,1,0,0,45.536,0,,"Well, I suppose with both levers pulled at the same time, it could have prevent one pencil from falling out from the vending machine for either of the levers. If the red lever didn't produce a pencil, the admin assistant would've been screwed.",30.927,86.108,86.721,2,17,0,,1,1,,1,1,,1,27,2,,,,,1,,,LeverManip|altTime|outcomeChange,Object_cause|Agent_cause,,,,
R_3oAQ3P3e3JcIjo6,Default Response Set,Anonymous,,,,0,1/19/2017 16:23,1/19/2017 16:28,1,1,1,1,1,0,0,57.668,0,,"If the red lever had not produced a pencil, then the person who pulled the red lever might then have pulled the black lever. I assume that then the very last pencil (the one the red lever failed to dispense) would come out. ",13.284,13.284,73.687,1,16,2,2,1,1,1,1,1,,2,49,2,,,,,1,,,LeverManip|altTime|outcomeChange,Object_cause|Agent_cause,,,,
R_1OZDsgPA05oAbT1,Default Response Set,Anonymous,,,,0,1/19/2017 16:25,1/19/2017 16:29,1,1,1,1,1,0,0,69.085,0,Professor Smith could have shared a pencil with the assistant. This would leave a pencil for the student in need.,,12.504,12.504,53.134,1,19,0,71,1,1,,1,1,,1,40,2,,,,,1,,,ProfManip|altTime|outcomeChange,Object_cause|Agent_cause,,,,
R_27Uab3UqIBiUOBZ,Default Response Set,Anonymous,,,,0,1/19/2017 16:28,1/19/2017 16:29,1,1,1,1,1,0,0,1.439,0,,I would want to try and have the best possible outcome,0.833,1.224,10.913,2,17,39,36,1,,,,,1,1,,2,,,,,1,,,LeverManip|altTime|outcomeChange,Object_cause|Agent_cause,,,,
R_2zkBYmjL9Z3hcpV,Default Response Set,Anonymous,,,,0,1/19/2017 16:27,1/19/2017 16:30,1,1,1,1,1,1.386,1.386,59.938,1,The white lever could have malfunctioned and the new professor would have just assumed that they couldnt have one due to malfunction. The student who knew about the lever issues then would have pulled the correct lever and got a pencil,,2.466,17.042,66.633,2,17,1,1,,1,1,1,1,,1,32,2,,,,,1,,,ProfManip|altTime|outcomeChange,Object_cause|Agent_cause,,,,
R_3D6Fv2DIAAwwTGP,Default Response Set,Anonymous,,,,0,1/19/2017 16:26,1/19/2017 16:30,1,1,1,1,1,0.766,67.664,70.509,34,,"If there was one less pencil, then the red lever wouldn't provide a pencil when it was pulled.  If the red lever was broken, it also wouldn't have functioned to produce a pencil.",1.869,79.847,116.558,26,17,0,46,1,1,,1,1,,1,33,1,,,,,1,,,LeverManip|altTime|outcomeChange,Object_cause|Agent_cause,,,,
R_2A14hUIoC0Uvzdp,Default Response Set,Anonymous,,,,0,1/19/2017 16:25,1/19/2017 16:31,1,1,1,1,1,0,0,95.195,0,,The only thing I can think of is that having both levers be pulled at the same time could have caused a jam. I haven't used a vending machine in years but I've never seen one that would have worked properly if more than one lever was pulled at the same time.,8.911,8.911,128.566,1,17,0,50,1,1,,1,1,,2,63,2,,,,,1,,,LeverManip|altTime|outcomeChange,Object_cause|Agent_cause,,,,
R_3qXcvHvtLHQ6Nq5,Default Response Set,Anonymous,,,,0,1/19/2017 16:28,1/19/2017 16:31,1,1,1,1,1,0,0,52.888,0,If Professor Smith would not of taken a pencil then there would of been one available for the student taking the test. He could of decided to use a pen instead therefor not needing to get one out of the vending machine. ,,12.666,12.666,96.348,1,17,0,9,1,1,,1,1,,2,38,2,,,,,1,,,ProfManip|altTime|outcomeChange,Object_cause|Agent_cause,,,,
R_bI3IDwu6j5aNeoh,Default Response Set,Anonymous,,,,0,1/19/2017 16:26,1/19/2017 16:31,1,1,1,1,1,2.025,2.29,41.726,2,"I believe that if  Smith were informed that the white lever within the vending machine was broken, he would have not taken a pencil seeing that there were only two pencils left, and would have probably inferred that there were only two pencils left because the the white lever had broken a few pencils. Given these circumstances, I think Smith would have left the pencil for a student in need, and in the scenario presented the student would have gotten a pencil if Smith had been informed of the malfunction.",,67.468,69.055,223.704,2,18,0,0,1,1,,1,1,,1,22,2,,,,,1,,,ProfManip|altTime|outcomeChange,Object_cause|Agent_cause,,,,
R_2VL43NHCgrI5b2R,Default Response Set,Anonymous,,,,0,1/19/2017 16:28,1/19/2017 16:32,1,1,1,1,1,0,0,43.105,0,,"If the last pencil from the red level had already been given out, the lever would not have produced a pencil. If it hadn't produced a pencil, the professor probably would have tried the other levels. If they didn't work, he would probably just find a pencil elsewhere. The student would still be without a pencil.",20.772,20.772,83.032,1,16,0,100,1,1,,1,1,,2,21,2,,,,,1,,,LeverManip|altTime|outcomeChange,Object_cause|Agent_cause,,,,
R_WkhCAhebUXUfVy9,Default Response Set,Anonymous,,,,0,1/19/2017 16:26,1/19/2017 16:32,1,1,1,1,1,0,0,50.443,0,The professor could have brought his own pencil or use one of the ones he previously had. Really they have to just fix the white lever so it would quit breaking. If you hadn't taken the pencil then the girl taking the test would have had a pencil.,,33.543,87.125,100.903,6,18,0,0,1,1,,1,1,,2,33,2,,,,,1,,,ProfManip|altTime|outcomeChange,Object_cause|Agent_cause,,,,
R_2z6hEQlHEP4RP59,Default Response Set,Anonymous,,,,0,1/19/2017 16:28,1/19/2017 16:33,1,1,1,1,1,0,0,67.935,0,"Had Professor Smith not taken the pencil, the student who desperately needed a pencil for a test would have gotten it. It seems like Professor Smith could have found a pencil elsewhere. ",,9.581,9.581,99.595,1,19,0,80,1,1,,1,1,,2,58,2,,,,,1,,,ProfManip|altTime|outcomeChange,Object_cause|Agent_cause,,,,
R_XzVya3GqTjjvryh,Default Response Set,Anonymous,,,,0,1/19/2017 16:29,1/19/2017 16:34,1,1,1,1,1,0,0,74.225,0,"If Professor Smith had not taken a pencil, the student would have gotten one.  Because Smith took a pencil, the student would have to to look elsewhere. ",,2.575,2.575,99.98,1,18,0,31,1,1,1,1,1,,2,51,2,,,,,1,,,ProfManip|altTime|outcomeChange,Object_cause|Agent_cause,,,,
R_3lRKpVwtxt0UuFm,Default Response Set,Anonymous,,,,0,1/19/2017 16:31,1/19/2017 16:35,1,1,1,1,1,91.217,91.217,91.582,1,they could have put a sign on the machine stating --students only--,,1.255,10.684,40.003,2,18,72,60,1,1,1,1,1,,2,45,2,,,,1,,,,ProfManip|altTime|outcomeChange,Object_cause|Agent_cause,,,,
R_31ZT03WbS751HqW,Default Response Set,Anonymous,,,,0,1/19/2017 16:31,1/19/2017 16:36,1,1,1,1,1,0,0,77.67,0,,"The red lever could have produced an eraser instead of a pencil. This might have happened since the machine was low on pencils, but apparently had plenty of erasers. It's not an unlikely scenario since the white lever malfunctioned and produced a pencil along with erasers.",28.833,85.326,88.602,2,16,0,0,1,1,,1,1,,2,26,2,,,,,1,,,LeverManip|altTime|outcomeChange,Object_cause|Agent_cause,,,,
R_1gHoQaTQUCwP1bX,Default Response Set,Anonymous,,,,0,1/19/2017 16:34,1/19/2017 16:38,1,1,1,1,1,0,0,63.016,0,"If professor smith would not taken one of the pencils then there would have been enough for the students to use the supplies. Professor smith could have only goten an erasor or he could have just left the pensil for the next person, or he could have used his own pencils.",,16.501,16.501,69.226,1,17,20,6,1,,,1,,,1,26,2,,,,,1,,,ProfManip|altTime|outcomeChange,Object_cause|Agent_cause,,,,
R_3FVUqpEO4IoVEHm,Default Response Set,Anonymous,,,,0,1/19/2017 16:34,1/19/2017 16:38,1,1,1,1,1,0,0,69.565,0,"if he hadnt taken a pencil from the machine there would have been one left in the machine for the student that came after him. Then the professor wouldnt have been able to have a pencil though, so he can share with the student",,2.103,2.103,96.216,1,17,1,1,1,1,,1,1,,1,49,2,,,,,1,,,ProfManip|altTime|outcomeChange,Object_cause|Agent_cause,,,,
R_2zqfxcmMseM809p,Default Response Set,Anonymous,,,,0,1/19/2017 16:35,1/19/2017 16:39,1,1,1,1,1,4.006,9.815,70.687,2,"Prof Smith could have looked at the vending machine and seen there was only one pencil left.  Had he not taken the last pencil, the student who needed the pencil for a test would have had one to purchase.",,7.616,80.658,124.29,3,18,0,90,1,1,,1,1,,2,23,2,,,,,,1,,ProfManip|altTime|outcomeChange,Object_cause|Agent_cause,,,,
R_W9kmZB4K1YgySAh,Default Response Set,Anonymous,,,,0,1/19/2017 16:35,1/19/2017 16:44,1,1,1,1,1,0,0,137.582,0,,The pulling of both the red and black handle could have caused the red lever to malfunction and no pencil would be produced. If the pencil hadn't come out for the teacher then when the student came to get a pencil there would have been one. ,21.192,21.192,131.481,1,16,50,50,1,1,,1,1,,2,43,2,,,,,1,,,LeverManip|altTime|outcomeChange,Object_cause|Agent_cause,,,,
R_3g7NuFu8pliChPx,Default Response Set,Anonymous,,,,0,1/19/2017 16:45,1/19/2017 16:48,1,1,1,1,1,0,0,40.223,0,,"If the red lever had not produced a pencil then there still would have been a pencil in the machine for the last student who needed one. It is possible, of course, that the lever could have malfunctioned and broken that pencil for the last student though and she still would have been without one.",7.266,7.266,52.83,1,17,87,52,1,1,,1,1,,2,29,2,,,,,1,,,LeverManip|altTime|outcomeChange,Object_cause|Agent_cause,,,,
R_3J7WRkWbyhZxl4p,Default Response Set,Anonymous,,,,0,1/19/2017 16:44,1/19/2017 16:50,1,1,1,1,1,0,0,75.836,0,,"The red lever could have jammed. If the red lever was jammed then it wouldn't move and wouldn't dispense a pencil. If the red lever wasn't jammed and it did actually dispense a pencil, the pencil could also get caught on something on its descent and therefore not be dispensed. The red lever could also simply be broken, so that when it is pulled nothing happens.",25.385,25.385,205.436,1,16,0,20,1,1,,1,,,1,32,1,,,,,1,,,LeverManip|altTime|outcomeChange,Object_cause|Agent_cause,,,,
R_1eRTsbdNaOMpOgr,Default Response Set,Anonymous,,,,0,1/19/2017 16:34,1/19/2017 16:50,1,1,1,1,1,0,0,422.849,0,Professor smith would have tried to take a pencil from the vending machine but the lever malfunctions and he doesn't get a pencil. Instead he goes into a class and asks to borrow one. When the student goes to the machine they get the pencil they needed.,,21.076,21.076,119.577,1,19,11,76,1,1,,1,1,,2,28,2,,,,,1,,,ProfManip|altTime|outcomeChange,Object_cause|Agent_cause,,,,
R_1hWk7zDYFPvS1Tr,Default Response Set,Anonymous,,,,0,1/19/2017 16:49,1/19/2017 16:51,1,1,1,1,1,0,0,35.645,0,,If the red lever hadnt produced a pencil he wouldnt have had one -- it wouldn't really matter because there were 3 people who needed pencils and only 2 pencils.  People should plan aheadand bring their own pencils,5.729,5.729,53.694,1,16,0,0,1,1,1,1,1,,2,28,2,,,,,1,,,LeverManip|altTime|outcomeChange,Object_cause|Agent_cause,,,,
R_2di7bZpfcOMPjfJ,Default Response Set,Anonymous,,,,0,1/19/2017 16:49,1/19/2017 16:53,1,1,1,1,1,0,0,53.586,0,"Professor Smith could have already had extra pencils on him and only needed an eraser, if that would have happened he would have pulled the white lever that often malfunctions. Meaning he would get his eraser but it would break a pencil in the process so the student would still be left without one for her test.",,5.438,91.971,95.105,3,16,44,71,1,1,,1,1,,2,27,2,1,,,,,,,ProfManip|altTime|outcomeChange,Object_cause|Agent_cause,,,,
R_3gTsW0HkKUQCOVO,Default Response Set,Anonymous,,,,0,1/19/2017 16:52,1/19/2017 16:55,1,1,1,1,1,0,0,38.107,0,There would have been pencils for the students to take the test. He could have just borrowed a pencil from elsewhere.,,10.323,43.853,45.162,2,17,50,50,,1,,1,,,1,199,,,,,,,,,ProfManip|altTime|outcomeChange,Object_cause|Agent_cause,,,,
R_1FQy4U2eDWOdrKs,Default Response Set,Anonymous,,,,0,1/19/2017 16:53,1/19/2017 16:57,1,1,1,1,1,0,0,76.213,0,,They would have had to get their own pencils elsewhere.  It would have been an inconvenience and they may have been late for class or an exam.,3.102,3.102,73.061,1,17,0,89,1,1,,1,1,,2,38,2,,,,,1,,,LeverManip|altTime|outcomeChange,Object_cause|Agent_cause,,,,
R_3qU10XDMF9ZKYFi,Default Response Set,Anonymous,,,,0,1/19/2017 16:52,1/19/2017 16:57,1,1,1,1,1,0,0,75.303,0,"If Professor Smith wouldn't have taken a pencil, there would still be one left in the vending machine for the female student that, right after, went to try and get a pencil. She then wouldn't have ran into any ""serious problem""",,14.301,14.301,56.932,1,19,0,0,1,1,,1,1,,2,21,2,,1,,,1,1,,ProfManip|altTime|outcomeChange,Object_cause|Agent_cause,,,,
R_2bWbtPsjGPcMw3k,Default Response Set,Anonymous,,,,0,1/19/2017 16:52,1/19/2017 16:58,1,1,1,1,1,0,0,45.819,0,,"The red lever could have malfunctioned, causing them to not get a pencil at all. This could have provided the opportunity for the student who needed the pencil to actually receive one.",20.667,20.667,44.744,1,19,7,62,1,1,,1,1,,1,31,2,,,,,1,,,LeverManip|altTime|outcomeChange,Object_cause|Agent_cause,,,,
R_1lcPpI2QGLFnrye,Default Response Set,Anonymous,,,,0,1/19/2017 16:58,1/19/2017 17:01,1,1,1,1,1,42.137,47.976,49.227,17,,"I suppose he could have pulled the red level and instead of a pencil coming out, nothing would have happened. This could be because the machine got jammed.",3.362,14.848,72.619,23,17,0,0,1,1,,1,1,,2,23,2,,,,,1,,,LeverManip|altTime|outcomeChange,Object_cause|Agent_cause,,,,
R_0GPofjVGsH0RDIl,Default Response Set,Anonymous,,,,0,1/19/2017 17:03,1/19/2017 17:07,1,1,1,1,1,0,0,46.608,0,,"Even if the red lever had malfunctioned, the professor could have just pulled the black lever to get a pencil. So it doesn't really matter whether that lever worked or not, thus no matter what, there would have been no pencil for the student.",15.649,15.649,111.915,1,16,0,40,1,1,,1,1,,1,21,2,,,,,1,,,LeverManip|altTime|outcomeChange,Object_cause|Agent_cause,,,,
R_32PD74hZHmHcM5m,Default Response Set,Anonymous,,,,0,1/19/2017 17:02,1/19/2017 17:07,1,1,1,1,1,0,0,76.741,0,,"The professor wouldn't have gotten a pencil from the vending machine if it had malfunctioned in some way.  If a pencil was stuck, or if the lever broke or if a pencil was jammed in the delivery system or if maybe the pencil from the black and red lever jammed each other somehow.  The question is awkward to answer.",18.644,195.383,197.318,8,17,0,0,1,1,,1,1,,2,40,2,,,,,1,,,LeverManip|altTime|outcomeChange,Object_cause|Agent_cause,,,,
R_2E5D6uk4DyJAvyl,Default Response Set,Anonymous,,,,0,1/19/2017 17:07,1/19/2017 17:11,1,1,1,1,1,21.487,30.616,71.957,3,"Professor Smith needed a pencil and got a pencil.  If he had needed an eraser the situation would have ended the same for the student because the machine would have been out of pencils.  Even if the student had gotten a pencil, someone would have been next any way.",,21.347,21.347,85.191,1,17,0,0,1,1,,1,1,,1,36,2,,,,,1,,,ProfManip|altTime|outcomeChange,Object_cause|Agent_cause,,,,
R_27kAkO1XVtkBuk1,Default Response Set,Anonymous,,,,0,1/19/2017 17:07,1/19/2017 17:11,1,1,1,1,1,0,0,70.373,0,,All pencils could be gone; therefore the red lever would not produce one when pulled.  Nothing would have happened if the red lever were pulled.,1.811,1.811,61.008,1,16,0,40,1,1,,1,1,,1,34,2,,,,,1,,,LeverManip|altTime|outcomeChange,Object_cause|Agent_cause,,,,
R_1HeNBmMPnbieTkA,Default Response Set,Anonymous,,,,0,1/19/2017 17:07,1/19/2017 17:11,1,1,1,1,1,0,0,60.753,0,,The red lever could have malfunctioned when pulled at the same time as the black lever. This could have occurred if both had been pulled simultaneously and the machine only registered one of them as pulled as a result. ,17.613,82.24,84.906,3,18,0,0,1,1,,1,1,,2,42,2,,,,,1,,,LeverManip|altTime|outcomeChange,Object_cause|Agent_cause,,,,
R_RnoS6Z1V9kXQkjn,Default Response Set,Anonymous,,,,0,1/19/2017 17:12,1/19/2017 17:14,1,1,1,1,1,0,0,34.974,0,If he would not have taken one there would have been some left.  If he did not take any there would be some for the students.,,1.161,1.161,36.758,1,17,0,0,,,1,1,,,1,33,2,,,,,1,,,ProfManip|altTime|outcomeChange,Object_cause|Agent_cause,,,,
R_3hFRIik5xRv61sv,Default Response Set,Anonymous,,,,0,1/19/2017 17:07,1/19/2017 17:15,1,1,1,1,1,3.193,9.137,117.519,2,,"The red lever could have failed to produce a pencil from the machine if a mechanism inside the machine that was connected to the red level had broken. It could have also failed if the lever itself became stuck and could not be pulled. If the red lever had not produced a pencil, Prof Smith might have tried the black lever and still gotten the pencil, or he could have given up and there would have been a pencil left for the student to get if she had tried the black lever when she showed up.",1.513,183.368,185.134,4,17,1,30,1,1,,1,1,,2,33,2,,,,,1,,,LeverManip|altTime|outcomeChange,Object_cause|Agent_cause,,,,
R_3oN1fiUserQnJCH,Default Response Set,Anonymous,,,,0,1/19/2017 17:12,1/19/2017 17:16,1,1,1,1,1,0,0,71.733,0,"Well, Professor Smith could have decided not to take a pencil from the machine. If he didn't take the pencil then it is likely that the girl that desperately needed one would have ended up with one, if, of course, the pencil didn't break from pulling the white lever.",,13.962,96.504,103.189,4,17,100,77,1,1,,1,1,,1,30,2,1,,,,1,,,ProfManip|altTime|outcomeChange,Object_cause|Agent_cause,,,,
R_1OAW9q2qcxoiSRs,Default Response Set,Anonymous,,,,0,1/19/2017 17:14,1/19/2017 17:17,1,1,1,1,1,0,0,51.14,0,"If Professor Smith chose not to take a pencil from the vending machine, he would not have one and there would be one left for the next person. ",,2.12,2.12,45.779,1,18,10,40,1,1,1,1,1,,2,30,2,,,,,1,,,ProfManip|altTime|outcomeChange,Object_cause|Agent_cause,,,,
R_1M3US90KgzdFq41,Default Response Set,Anonymous,,,,0,1/19/2017 17:13,1/19/2017 17:17,1,1,1,1,1,0,0,45.612,0,,The red lever could have not functioned if the professor chose the white lever in addition to the black lever. If the red lever had not produced a pencil it would not have followed the pattern that was explained though. ,32.616,32.616,115.071,1,18,50,1,1,1,,1,1,,2,31,1,,,,,,1,,LeverManip|altTime|outcomeChange,Object_cause|Agent_cause,,,,
R_302EzHHp2kJTwzw,Default Response Set,Anonymous,,,,0,1/19/2017 17:11,1/19/2017 17:20,1,1,1,1,1,0,0,102.287,0,"If the Professor would not have taken the pencil, the student would have been able to pull the a red or black lever to retrieve the pencil.  Professor Smith however does have important work to do including running an entire classroom of students so he really needed the pencil more than the student.  It is the student's responsibility to come prepared to school therefore, it is her fault that she is left without a pencil, not the professor's.",,22.821,22.821,186.956,1,17,3,20,1,1,,1,1,,2,34,1,,,,,1,,,ProfManip|altTime|outcomeChange,Object_cause|Agent_cause,,,,
R_3kfc18P0vwryKSB,Default Response Set,Anonymous,,,,0,1/19/2017 17:14,1/19/2017 17:20,1,1,1,1,1,0,0,53.613,0,,The pencil could have broken and gotten stuck in the machine.  Then no one would have been able to use it.  No more pencils could come out with the broken one jammed inthere.  ,1.906,2.903,81.229,2,16,6,79,1,1,,1,1,,1,33,2,,,,,1,,,LeverManip|altTime|outcomeChange,Object_cause|Agent_cause,,,,
R_1qUjU2oMJnljrkJ,Default Response Set,Anonymous,,,,0,1/19/2017 17:19,1/19/2017 17:23,1,1,1,1,1,0,0,55.422,0,,The red lever could have malfunctioned and not produced a pencil. This would mean that there would be one left for the next student who desperately needed the pencil.,51.456,108.759,112.617,3,18,1,100,1,1,,1,1,,2,31,2,,,,,1,,,LeverManip|altTime|outcomeChange,Object_cause|Agent_cause,,,,
R_1BL6Zm5I9Aso665,Default Response Set,Anonymous,,,,0,1/19/2017 17:27,1/19/2017 17:31,1,1,1,1,1,0,0,40.925,0,"If Professor Smith had sent the assistant to retrieve a pencil for him, rather than go with the assistant and obtained two pencils between them, there would have been one pencil remaining for the student. If Professor Smith had not taken a pencil, the student who needed a pencil for the test would have been able obtain the needed pencil.",,15.25,15.25,107.521,1,19,,40,1,1,,1,1,,2,25,2,,1,,,1,1,,ProfManip|altTime|outcomeChange,Object_cause|Agent_cause,,,,
R_3dWmHCYUiVGyFUQ,Default Response Set,Anonymous,,,,0,1/19/2017 17:29,1/19/2017 17:34,1,1,1,1,1,0,0,45.544,0,Then the next student would have had a pencil to use. ,,30.939,87.586,114.747,2,18,4,0,1,1,,1,1,,2,33,2,,,,,1,,,ProfManip|altTime|outcomeChange,Object_cause|Agent_cause,,,,
R_3qrfZy1mq6T5XMe,Default Response Set,Anonymous,,,,0,1/19/2017 17:34,1/19/2017 17:36,1,1,1,1,1,0.882,0.882,1.065,1,,It would have been broken and needed repairs.,0.726,97.65,107.726,3,17,38,0,1,,,1,,,1,27,2,,,,,1,,,LeverManip|altTime|outcomeChange,Object_cause|Agent_cause,,,,
R_12sVqBecAdeI1eo,Default Response Set,Anonymous,,,,0,1/19/2017 17:32,1/19/2017 17:39,1,1,1,1,1,0,0,93.053,0,"The only thing that could have gone differently is that he not take the pencil and the student would have one available. That doesn't mean that someone wouldn't have come by to get an eraser and break it though. Why a student at a university that is going to class to take a test without a pencil is beyond me though. The only alternative outcome is that someone else would get the pencil, or either break it before the student got it.",,50.454,123.765,178.467,3,18,0,0,1,1,,1,1,,1,27,2,,,,,1,,,ProfManip|altTime|outcomeChange,Object_cause|Agent_cause,,,,
R_0ffM3eN6dBL4N8J,Default Response Set,Anonymous,,,,0,1/19/2017 17:36,1/19/2017 17:40,1,1,1,1,1,2.348,2.348,52.172,1,,If the white lever was pulled then the pencil would have been dispensed and broken. There would not be any more pencils in the machine to dispense. If that was the case then the red lever would not product a pencil when used. If the red lever did not produce a pencil then the person pulling the lever would have to look elsewhere for a pencil.,2.942,120.01,121.856,5,19,100,100,1,1,,1,1,,1,29,2,,,,,1,,,LeverManip|altTime|outcomeChange,Object_cause|Agent_cause,,,,
R_1ruoApryRnkCWsU,Default Response Set,Anonymous,,,,0,1/19/2017 17:36,1/19/2017 17:42,1,1,1,1,1,0,0,134.758,0,,the vending machine being mainly used only for students and by teacher only in case of emergency. or constantly stock up the pencils,23.288,65.6,77.422,3,19,1,1,1,1,,1,1,,1,,2,,,,,,,,LeverManip|altTime|outcomeChange,Object_cause|Agent_cause,,,,
R_6lElBbGMiCDG1e9,Default Response Set,Anonymous,,,,0,1/19/2017 17:50,1/19/2017 17:53,1,1,1,1,1,0,0,34.888,0,"He could have asked a colleague to borrow a pencil, or checked the offices. If he had not taken a pencil, then the unprepared student would have been able to get one and thus avoided panic and stress. ",,10.395,27.377,65.895,2,18,22,79,1,1,,1,1,,2,24,2,,,,,1,,,ProfManip|altTime|outcomeChange,Object_cause|Agent_cause,,,,
R_3kaz9xnn1Sgw0Ln,Default Response Set,Anonymous,,,,0,1/19/2017 17:53,1/19/2017 17:55,1,1,1,1,1,0,0,23.895,0,"If he decided to pull the white lever things would have ended differently. If this were to have happened, the vending machine may very have been fixed ahead of time.",,1.081,7.831,71.705,3,18,19,21,1,1,,1,,,1,23,2,,,,,1,,,ProfManip|altTime|outcomeChange,Object_cause|Agent_cause,,,,
R_9oXYMelzU9kIqrv,Default Response Set,Anonymous,,,,0,1/19/2017 18:29,1/19/2017 18:34,1,1,1,1,1,0,0,105.843,0,,There could have been some mechanism inside the machine that had broken before this particular incident. The machine could have overloaded with requests from having two levers pulled at once and could have produced either no pencil or one pencil. ,12.783,100.403,101.594,4,18,0,25,1,1,,1,1,,2,32,2,,,,,1,,,LeverManip|altTime|outcomeChange,Object_cause|Agent_cause,,,,
