ResponseID,V2,V3,V4,V5,V6,V7,V8,V9,V10,Consent,Captcha,instr,MViolation,MViolation_Time_1,MViolation_Time_2,MViolation_Time_3,MViolation_Time_4,Conform,Conform_time_1,Conform_time_2,Conform_time_3,Conform_time_4,Malfunction,Malfunction_time_1,Malfunction_time_2,Malfunction_time_3,Malfunction_time_4,Agent_rel_1,Agent_rel_2,Agent_cause_1,Agent_cause_2,Object_Rel_1,Object_Rel_2,Object_cause_1,Object_cause_2,Control1_1_1,Control1_1_2,Control1_2_1,Control1_2_2,Control2_1_1,Control2_1_2,Control2_2_1,Control2_2_2,Control3_1_1,Control3_1_2,Control3_2_1,Control3_2_2,probability_4,morality,Sex,Age,Eth,Race_1,Race_2,Race_3,Race_4,Race_5,Race_6,Race_7,DO-BR-FL_15,DO-BR-FL_22,DO-BL-AgentQuestions,DO-BL-ObjectQuestions,DO-Q-MViolation,DO-Q-Conform,DO-Q-Object_Rel,DO-Q-Agent_rel,LocationLatitude,LocationLongitude,LocationAccuracy
R_3nSEN97iknFOg0F,Default Response Set,Anonymous,,,,0,10/7/2016 17:22,10/7/2016 17:23,1,1,1,1,1,0,0,1.544,0,,,,,,,,,,,1,1,1,,,,,,1,,1,,,1,1,,1,,1,,52,6,1,26,1,,,,,1,,,Moral norm violation,Agent Questions,Agent_rel|Agent_cause,,,,,1|2,,,
R_2noB08xkoeZB2i5,Default Response Set,Anonymous,,,,0,10/7/2016 17:23,10/7/2016 17:23,1,1,1,1,,,,,,,,,,,1,1.47,2.213,3.394,2,,,,,1,1,,1,1,,,1,1,,,1,,,1,,,8,1,,2,,,,,1,,,Malfunction,Object Questions,,Object_cause|Object_Rel,,,2|1,,,,
R_12imPcPAQ1Tx6Wd,Default Response Set,Anonymous,,,,0,10/7/2016 17:23,10/7/2016 17:25,1,1,1,1,,,,,,,,,,,1,0,0,59.394,0,,,,,1,1,,1,,1,1,,1,,,1,1,,1,1,43,7,2,43,1,,,,,1,,,Malfunction,Object Questions,,Object_Rel|Object_cause,,,2|1,,,,
R_UYLNkXgyRRU3vUZ,Default Response Set,Anonymous,,,,0,10/7/2016 17:22,10/7/2016 17:25,1,1,1,1,1,50.948,62.08,70.598,8,,,,,,,,,,,2,1,,1,,,,,1,,,1,1,,1,,,1,1,1,70,5,2,25,2,,,,,1,,,Moral norm violation,Agent Questions,Agent_cause|Agent_rel,,,,,2|1,,,
R_3KHZwvWOOktljlg,Default Response Set,Anonymous,,,,0,10/7/2016 17:23,10/7/2016 17:25,1,1,1,1,,,,,,,,,,,1,0,0,36.633,0,1,2,1,1,,,,,,1,1,,1,1,1,,1,1,1,1,32,9,2,28,2,,,,,1,,,Malfunction,Agent Questions,Agent_cause|Agent_rel,,,,,1|2,,,
R_3GdJqZO1dsGZVIC,Default Response Set,Anonymous,,,,0,10/7/2016 17:23,10/7/2016 17:26,1,1,1,1,1,0,0,69.942,0,,,,,,,,,,,,,,,1,1,1,1,1,,1,,1,,,,,1,1,1,79,7,1,29,2,,1,,,,,,Moral norm violation,Object Questions,,Object_cause|Object_Rel,,,1|2,,,,
R_3njZ7jqSEHRlYM4,Default Response Set,Anonymous,,,,0,10/7/2016 17:23,10/7/2016 17:26,1,1,1,1,,,,,,1,0,0,44.639,0,,,,,,,,,,1,1,,1,,1,1,,1,,1,,1,1,1,1,100,8,1,30,2,,,,,1,,,Norm conforming,Object Questions,,Object_Rel|Object_cause,,,2|1,,,,
R_1gAwXXtrv6wR6Nu,Default Response Set,Anonymous,,,,0,10/7/2016 17:23,10/7/2016 17:26,1,1,1,1,,,,,,1,0,0,55.915,0,,,,,,1,1,1,1,,,,,1,,1,,1,,1,,1,1,1,1,99,10,1,33,2,,,,,1,,,Norm conforming,Agent Questions,Agent_rel|Agent_cause,,,,,2|1,,,
R_2AWK01VX5onqysb,Default Response Set,Anonymous,,,,0,10/7/2016 17:23,10/7/2016 17:26,1,1,1,1,,,,,,1,0,0,43.324,0,,,,,,,,,,2,1,,1,1,,1,,1,,1,,1,1,1,1,100,10,2,,2,,,,1,,,,Norm conforming,Object Questions,,Object_cause|Object_Rel,,,2|1,,,,
R_25Z9kCgdeKWKyDM,Default Response Set,Anonymous,,,,0,10/7/2016 17:25,10/7/2016 17:26,1,1,1,1,,,,,,1,0,0,1.165,0,,,,,,1,1,1,1,,,,,1,,,1,1,,1,,1,1,1,,63,9,1,33,2,,,,1,,,,Norm conforming,Agent Questions,Agent_rel|Agent_cause,,,,,2|1,,,
R_3D5yjsIovCxKTcJ,Default Response Set,Anonymous,,,,0,10/7/2016 17:23,10/7/2016 17:26,1,1,1,1,,,,,,1,9.253,9.621,71.568,2,,,,,,1,1,1,1,,,,,1,,1,,1,,1,,1,,1,,100,10,1,20,1,,,,,,,1,Norm conforming,Agent Questions,Agent_cause|Agent_rel,,,,,1|2,,,
R_29mJditG3gJfYl0,Default Response Set,Anonymous,,,,0,10/7/2016 17:23,10/7/2016 17:26,1,1,1,1,1,0,0,64.449,0,,,,,,,,,,,2,1,,1,,,,,1,,1,,1,,1,,,1,1,,80,6,1,26,1,,,,,,,,Moral norm violation,Agent Questions,Agent_rel|Agent_cause,,,,,2|1,,,
R_570VMBqHzys837j,Default Response Set,Anonymous,,,,0,10/7/2016 17:25,10/7/2016 17:27,1,1,1,1,1,2.157,11.157,41.535,2,,,,,,,,,,,,,,,2,2,1,1,1,,1,,1,,1,,,,1,,87,6,1,21,2,,1,,,,,,Moral norm violation,Object Questions,,Object_Rel|Object_cause,,,2|1,,,,
R_zZuWm8Z0NJcYLcJ,Default Response Set,Anonymous,,,,0,10/7/2016 17:23,10/7/2016 17:27,1,1,1,1,1,0,0,25.127,0,,,,,,,,,,,,,,,2,1,,1,1,,1,,1,,1,,,1,1,1,75,8,1,46,2,,,,,1,,,Moral norm violation,Object Questions,,Object_cause|Object_Rel,,,2|1,,,,
R_1OBTCdwdWFG02N2,Default Response Set,Anonymous,,,,0,10/7/2016 17:24,10/7/2016 17:27,1,1,1,1,,,,,,,,,,,1,0,0,44.122,0,2,1,,1,,,,,,1,1,,1,1,1,,1,1,1,1,90,9,2,29,2,,,,,1,,,Malfunction,Agent Questions,Agent_rel|Agent_cause,,,,,1|2,,,
R_2uprVZOXrXG3H4P,Default Response Set,Anonymous,,,,0,10/7/2016 17:23,10/7/2016 17:27,1,1,1,1,,,,,,,,,,,1,75.978,77.061,153.354,4,1,1,1,1,,,,,1,1,1,,1,1,1,,1,,,,100,5,1,35,2,,,,,1,,,Malfunction,Agent Questions,Agent_cause|Agent_rel,,,,,2|1,,,
R_2bTZgqqdBSBEDSI,Default Response Set,Anonymous,,,,0,10/7/2016 17:23,10/7/2016 17:27,1,1,1,1,1,0,0,56.552,0,,,,,,,,,,,,,,,2,2,,1,1,,1,,1,,1,,,1,1,1,51,7,2,54,2,,,,,1,,,Moral norm violation,Object Questions,,Object_cause|Object_Rel,,,2|1,,,,
R_12Phio9c4u3GFKS,Default Response Set,Anonymous,,,,0,10/7/2016 17:26,10/7/2016 17:27,1,1,1,1,,,,,,1,0,0,41.294,0,,,,,,,,,,2,2,1,1,1,,1,,1,,1,,1,1,1,1,100,10,2,24,2,,,,,1,,,Norm conforming,Object Questions,,Object_cause|Object_Rel,,,1|2,,,,
R_ymzkAx5Zd2udAbv,Default Response Set,Anonymous,,,,0,10/7/2016 17:25,10/7/2016 17:28,1,1,1,1,,,,,,,,,,,1,0,0,49.84,0,2,1,,1,,,,,,1,1,,1,1,1,,1,1,1,1,90,10,1,35,2,,,,,1,,,Malfunction,Agent Questions,Agent_cause|Agent_rel,,,,,1|2,,,
R_12aopx7rF7PSvDa,Default Response Set,Anonymous,,,,0,10/7/2016 17:23,10/7/2016 17:28,1,1,1,1,,,,,,,,,,,1,0,0,74.167,0,2,2,,1,,,,,,1,1,,1,1,1,,1,1,1,1,,9,2,64,2,,,,,1,,,Malfunction,Agent Questions,Agent_rel|Agent_cause,,,,,1|2,,,
R_2VezBO1h2x3zGNZ,Default Response Set,Anonymous,,,,0,10/7/2016 17:24,10/7/2016 17:28,1,1,1,1,,,,,,1,0,0,66.581,0,,,,,,2,2,1,1,,,,,1,,1,,1,,1,,,1,1,1,50,6,2,37,2,,,,1,,,,Norm conforming,Agent Questions,Agent_cause|Agent_rel,,,,,2|1,,,
R_307uupfjNEKXkAs,Default Response Set,Anonymous,,,,0,10/7/2016 17:25,10/7/2016 17:29,1,1,1,1,,,,,,,,,,,1,0,0,85.705,0,,,,,2,1,,1,,1,1,,1,1,1,,1,1,1,1,99,9,1,31,1,,,,,1,,,Malfunction,Object Questions,,Object_cause|Object_Rel,,,1|2,,,,
R_3m1AWZkZvl3fSim,Default Response Set,Anonymous,,,,0,10/7/2016 17:24,10/7/2016 17:29,1,1,1,1,1,0,0,70.961,0,,,,,,,,,,,2,1,,1,,,,,1,,1,,1,,1,,,1,1,1,40,6,1,50,2,,,,,1,,,Moral norm violation,Agent Questions,Agent_rel|Agent_cause,,,,,1|2,,,
R_3DdbW0XrEfn8M0H,Default Response Set,Anonymous,,,,0,10/7/2016 17:25,10/7/2016 17:29,1,1,1,1,,,,,,,,,,,1,0,0,57.417,0,1,1,1,1,,,,,,1,1,,1,1,1,,1,1,1,1,100,9,1,33,2,,,,,1,,,Malfunction,Agent Questions,Agent_rel|Agent_cause,,,,,1|2,,,
R_PUTySiWFMFJINnH,Default Response Set,Anonymous,,,,0,10/7/2016 17:26,10/7/2016 17:29,1,1,1,1,,,,,,,,,,,1,0,0,83.325,0,,,,,2,1,,1,,1,1,,1,1,1,,1,1,1,1,80,10,1,42,2,,,,,1,,,Malfunction,Object Questions,,Object_cause|Object_Rel,,,2|1,,,,
R_0qFiFNZx4rUxRVn,Default Response Set,Anonymous,,,,0,10/7/2016 17:25,10/7/2016 17:29,1,1,1,1,,,,,,1,0,0,73.401,0,,,,,,,,,,2,2,1,,1,,1,,1,,1,,1,1,1,1,71,10,2,36,2,,,,,1,,,Norm conforming,Object Questions,,Object_cause|Object_Rel,,,2|1,,,,
R_23TqyXiKiAurS4s,Default Response Set,Anonymous,,,,0,10/7/2016 17:24,10/7/2016 17:29,1,1,1,1,1,0,0,88.931,0,,,,,,,,,,,2,1,,1,,,,,1,,1,,1,,,1,,1,1,,91,7,1,51,2,,,,,1,,,Moral norm violation,Agent Questions,Agent_rel|Agent_cause,,,,,2|1,,,
R_1HkJ66BKoxybkkJ,Default Response Set,Anonymous,,,,0,10/7/2016 17:26,10/7/2016 17:29,1,1,1,1,,,,,,1,2.965,14.182,100.935,5,,,,,,,,,,2,1,,1,,1,1,,1,,1,,1,1,1,,8,10,1,37,2,,,,,1,,,Norm conforming,Object Questions,,Object_Rel|Object_cause,,,2|1,,,,
R_WlhcvPKUwSlEACZ,Default Response Set,Anonymous,,,,0,10/7/2016 17:27,10/7/2016 17:30,1,1,1,1,,,,,,,,,,,1,1.644,1.921,45.517,2,,,,,2,1,,1,1,1,,1,1,1,1,,1,1,1,1,97,9,1,35,2,,1,,,,,,Malfunction,Object Questions,,Object_Rel|Object_cause,,,2|1,,,,
R_3n0OcQj3cJGMN7j,Default Response Set,Anonymous,,,,0,10/7/2016 17:30,10/7/2016 17:31,1,1,1,1,1,0,0,34.929,0,,,,,,,,,,,2,2,1,1,,,,,1,,1,,1,,1,,,1,1,,75,7,1,28,2,,1,,,,,,Moral norm violation,Agent Questions,Agent_rel|Agent_cause,,,,,1|2,,,
R_12K0VuIWzGxPmO4,Default Response Set,Anonymous,,,,0,10/7/2016 17:28,10/7/2016 17:31,1,1,1,1,,,,,,1,0,0,58.329,0,,,,,,,,,,1,1,1,1,1,,1,,1,,1,,1,1,1,1,90,10,2,31,2,,,,,1,,,Norm conforming,Object Questions,,Object_cause|Object_Rel,,,2|1,,,,
R_3lrgskYFuAO2iGX,Default Response Set,Anonymous,,,,0,10/7/2016 17:27,10/7/2016 17:32,1,1,1,1,,,,,,1,0,0,90.517,0,,,,,,1,1,1,1,,,,,1,,1,,1,,1,,1,1,1,1,100,9,1,32,2,,,,,1,,,Norm conforming,Agent Questions,Agent_rel|Agent_cause,,,,,1|2,,,
R_3ozFXWRXccGprsy,Default Response Set,Anonymous,,,,0,10/7/2016 17:28,10/7/2016 17:32,1,1,1,1,,,,,,,,,,,1,0,0,50.883,0,,,,,2,1,,1,,1,1,,1,1,1,,1,1,1,1,99,9,1,24,2,,,,,,,,Malfunction,Object Questions,,Object_cause|Object_Rel,,,1|2,,,,
R_TuvQs3vAUmZYDmN,Default Response Set,Anonymous,,,,0,10/7/2016 17:23,10/7/2016 17:32,1,1,1,1,1,2.242,2.242,2.987,1,,,,,,,,,,,,,,,1,1,1,1,1,,1,,1,,1,,,1,1,1,34,7,1,24,2,,1,,,1,,,Moral norm violation,Object Questions,,Object_cause|Object_Rel,,,1|2,,,,
R_ueNDp5HzEVbVaRb,Default Response Set,Anonymous,,,,0,10/7/2016 17:28,10/7/2016 17:32,1,1,1,1,1,0,0,103.962,0,,,,,,,,,,,,,,,2,2,,1,1,,1,,1,,1,,,1,1,1,50,10,1,27,2,,,,,1,,,Moral norm violation,Object Questions,,Object_Rel|Object_cause,,,2|1,,,,
R_1hYFR05IxAas5Ek,Default Response Set,Anonymous,,,,0,10/7/2016 17:30,10/7/2016 17:32,1,1,1,1,,,,,,,,,,,1,4.8,5.201,14.847,2,1,2,1,,,,,,,1,1,,,1,1,,1,1,1,1,94,9,2,30,2,,,,,1,,,Malfunction,Agent Questions,Agent_rel|Agent_cause,,,,,2|1,,,
R_xgrRTV9BOxnAICZ,Default Response Set,Anonymous,,,,0,10/7/2016 17:30,10/7/2016 17:33,1,1,1,1,1,0,0,68.863,0,,,,,,,,,,,,,,,2,2,1,1,1,,1,,1,,1,,,1,1,,71,6,2,69,2,,,,,1,,,Moral norm violation,Object Questions,,Object_cause|Object_Rel,,,1|2,,,,
R_2X1FvbVOVHPiUW4,Default Response Set,Anonymous,,,,0,10/7/2016 17:30,10/7/2016 17:34,1,1,1,1,,,,,,,,,,,1,0,0,60.598,0,1,1,,1,,,,,1,1,1,,1,1,1,,1,1,1,1,,8,2,34,2,,,,,1,,,Malfunction,Agent Questions,Agent_rel|Agent_cause,,,,,1|2,,,
R_31nJ9nL9GZqfVSO,Default Response Set,Anonymous,,,,0,10/7/2016 17:29,10/7/2016 17:35,1,1,1,1,,,,,,,,,,,1,2.082,106.023,111.044,8,,,,,1,1,,1,,1,1,,1,1,1,,1,1,1,1,90,10,2,31,2,,1,,,,,,Malfunction,Object Questions,,Object_Rel|Object_cause,,,2|1,,,,
R_2QAtXMHNeUC4AWx,Default Response Set,Anonymous,,,,0,10/7/2016 17:29,10/7/2016 17:35,1,1,1,1,1,0,0,91.41,0,,,,,,,,,,,2,1,1,1,,,,,1,,1,,1,,1,,,1,1,1,73,9,2,59,2,,,,,1,,,Moral norm violation,Agent Questions,Agent_cause|Agent_rel,,,,,2|1,,,
R_3sh2r81dldn8ieG,Default Response Set,Anonymous,,,,0,10/7/2016 17:33,10/7/2016 17:35,1,1,1,1,,,,,,,,,,,1,0,0,42.013,0,,,,,2,1,,1,1,1,1,,1,1,1,,1,1,1,1,100,10,2,31,2,,,,,1,,,Malfunction,Object Questions,,Object_Rel|Object_cause,,,1|2,,,,
R_2wigimeC4eVq3fK,Default Response Set,Anonymous,,,,0,10/7/2016 17:31,10/7/2016 17:35,1,1,1,1,1,2.301,11.925,88.537,5,,,,,,,,,,,,,,,1,1,,1,1,,1,,1,,1,,,1,1,1,99,5,1,33,2,,,,,1,,,Moral norm violation,Object Questions,,Object_Rel|Object_cause,,,1|2,,,,
R_2rkMCNwOEZy1and,Default Response Set,Anonymous,,,,0,10/7/2016 17:31,10/7/2016 17:36,1,1,1,1,,,,,,1,0,0,57.242,0,,,,,,2,1,,1,,,,,1,,,1,1,1,,1,1,,1,,26,7,2,43,2,,,,,1,,,Norm conforming,Agent Questions,Agent_cause|Agent_rel,,,,,1|2,,,
R_8BzEI85BeIED3ep,Default Response Set,Anonymous,,,,0,10/7/2016 17:33,10/7/2016 17:36,1,1,1,1,,,,,,,,,,,1,0,0,40.984,0,,,,,2,1,,1,1,,,1,1,1,,1,1,1,1,1,10,9,1,19,2,,,,,1,,,Malfunction,Object Questions,,Object_Rel|Object_cause,,,2|1,,,,
R_effIpY4MmML8vM5,Default Response Set,Anonymous,,,,0,10/7/2016 17:34,10/7/2016 17:36,1,1,1,1,,,,,,1,0,0,58.014,0,,,,,,2,2,1,1,,,,,1,,1,,1,,1,,1,1,1,1,81,9,2,65,2,,,,,1,,,Norm conforming,Agent Questions,Agent_rel|Agent_cause,,,,,2|1,,,
R_3p5xPsgbCWxM8uM,Default Response Set,Anonymous,,,,0,10/7/2016 17:35,10/7/2016 17:38,1,1,1,1,1,0,0,28.687,0,,,,,,,,,,,,,,,1,1,1,,1,,,1,1,1,,1,1,1,1,1,68,8,2,36,2,,,,,1,,,Moral norm violation,Object Questions,,Object_cause|Object_Rel,,,2|1,,,,
R_2QSrVbDEarBpzH4,Default Response Set,Anonymous,,,,0,10/7/2016 17:34,10/7/2016 17:38,1,1,1,1,,,,,,,,,,,1,0,0,70.53,0,,,,,2,1,,1,,1,1,,1,1,1,,1,1,1,1,100,10,2,58,2,,,,,1,,,Malfunction,Object Questions,,Object_cause|Object_Rel,,,1|2,,,,
R_33rnYsLFosJx7Z0,Default Response Set,Anonymous,,,,0,10/7/2016 17:33,10/7/2016 17:39,1,1,1,1,,,,,,1,0,0,113.371,0,,,,,,,,,,1,1,1,1,1,,1,,1,,1,,1,1,1,1,71,9,1,26,1,,,,,1,1,,Norm conforming,Object Questions,,Object_cause|Object_Rel,,,1|2,,,,
R_2Eo9IBB5xyVhLYE,Default Response Set,Anonymous,,,,0,10/7/2016 17:33,10/7/2016 17:39,1,1,1,1,,,,,,,,,,,1,0,0,55.377,0,2,2,,1,,,,,1,1,1,,1,1,1,,1,1,1,1,100,10,2,21,2,,1,,,1,,,Malfunction,Agent Questions,Agent_cause|Agent_rel,,,,,2|1,,,
R_3kk82e5Ny85x3pD,Default Response Set,Anonymous,,,,0,10/7/2016 17:36,10/7/2016 17:40,1,1,1,1,,,,,,,,,,,1,0,0,67.809,0,,,,,2,1,,1,,1,1,,1,1,1,,1,1,1,1,100,10,2,24,2,,,,,1,,,Malfunction,Object Questions,,Object_cause|Object_Rel,,,2|1,,,,
R_tWikJLNXusM8P5f,Default Response Set,Anonymous,,,,0,10/7/2016 17:26,10/7/2016 17:40,1,1,1,1,,,,,,,,,,,1,7.686,20.256,87.557,4,1,1,,1,,,,,,1,1,,1,1,1,,1,1,1,1,91,9,1,25,,,,,,,1,,Malfunction,Agent Questions,Agent_cause|Agent_rel,,,,,1|2,,,
R_24jgdj5s9ktoIiV,Default Response Set,Anonymous,,,,0,10/7/2016 17:35,10/7/2016 17:40,1,1,1,1,,,,,,1,0,0,4.092,0,,,,,,2,2,,1,,,,,1,,1,,1,,1,,1,1,,,72,10,1,32,2,,1,,,,,,Norm conforming,Agent Questions,Agent_rel|Agent_cause,,,,,1|2,,,
R_QlIsnNO6EJGH4vn,Default Response Set,Anonymous,,,,0,10/7/2016 17:38,10/7/2016 17:42,1,1,1,1,1,0,0,120.989,0,,,,,,,,,,,2,1,,1,,,,,1,,1,,1,,1,,,1,1,1,92,7,2,32,2,,,,,1,,,Moral norm violation,Agent Questions,Agent_cause|Agent_rel,,,,,2|1,,,
R_2ysloQujyAddtTS,Default Response Set,Anonymous,,,,0,10/7/2016 17:38,10/7/2016 17:42,1,1,1,1,,,,,,,,,,,1,0,0,75.588,0,1,1,,1,,,,,,1,1,,1,1,1,,1,1,1,1,98,10,1,26,2,,,,,1,,,Malfunction,Agent Questions,Agent_cause|Agent_rel,,,,,2|1,,,
R_1hRTXnqH0kMINCX,Default Response Set,Anonymous,,,,0,10/7/2016 17:40,10/7/2016 17:42,1,1,1,1,,,,,,,,,,,1,0,0,30.318,0,,,,,2,1,,1,1,1,1,,1,1,1,,1,1,1,1,,5,1,22,2,,,,,1,,,Malfunction,Object Questions,,Object_cause|Object_Rel,,,1|2,,,,
R_1BPpZ2tWwRCNIV5,Default Response Set,Anonymous,,,,0,10/7/2016 17:40,10/7/2016 17:42,1,1,1,1,,,,,,1,0,0,37.292,0,,,,,,,,,,2,2,1,1,1,,1,,1,,1,,1,,1,,70,9,2,23,1,,,,,1,,,Norm conforming,Object Questions,,Object_cause|Object_Rel,,,2|1,,,,
R_shu40NiO2cZqIeZ,Default Response Set,Anonymous,,,,0,10/7/2016 17:41,10/7/2016 17:42,1,1,1,1,1,0,0,1.386,0,,,,,,,,,,,1,2,1,,,,,,1,,,1,1,,1,,1,,,1,,5,1,27,2,,,,,1,,,Moral norm violation,Agent Questions,Agent_cause|Agent_rel,,,,,1|2,,,
R_AFg9Qhf3nKQuP73,Default Response Set,Anonymous,,,,0,10/7/2016 17:37,10/7/2016 17:42,1,1,1,1,,,,,,,,,,,1,0,0,157.335,0,1,1,1,,,,,,1,,,1,1,,1,,1,,1,,49,9,1,27,2,,,,,1,,,Malfunction,Agent Questions,Agent_cause|Agent_rel,,,,,1|2,,,
R_NVxMipRgAVO2ysh,Default Response Set,Anonymous,,,,0,10/7/2016 17:36,10/7/2016 17:43,1,1,1,1,1,0,0,123.616,0,,,,,,,,,,,1,1,,1,,,,,1,,1,,1,,1,,,1,1,1,100,6,1,23,2,,1,,,,,,Moral norm violation,Agent Questions,Agent_cause|Agent_rel,,,,,1|2,,,
R_RWdKjSKyFB3UrQZ,Default Response Set,Anonymous,,,,0,10/7/2016 17:42,10/7/2016 17:44,1,1,1,1,,,,,,,,,,,1,6.099,22.843,35.781,2,,,,,2,1,,1,,1,1,,1,1,1,,1,1,1,1,100,10,1,18,2,,1,,,,,,Malfunction,Object Questions,,Object_Rel|Object_cause,,,1|2,,,,
R_DS00JFktBVE8fWF,Default Response Set,Anonymous,,,,0,10/7/2016 17:42,10/7/2016 17:44,1,1,1,1,,,,,,1,0.802,0.802,36.303,1,,,,,,1,1,,1,,,,,1,,1,,1,,1,,1,1,1,1,94,10,1,30,2,,,,,1,,,Norm conforming,Agent Questions,Agent_cause|Agent_rel,,,,,1|2,,,
R_1hAc7pJ4eq2kmuk,Default Response Set,Anonymous,,,,0,10/7/2016 17:41,10/7/2016 17:46,1,1,1,1,,,,,,,,,,,1,0,0,81.196,0,1,2,,1,,,,,1,1,1,,,1,1,,1,1,1,1,95,7,2,36,,,,,,1,,,Malfunction,Agent Questions,Agent_rel|Agent_cause,,,,,2|1,,,
R_29gnlux0cwlXwT5,Default Response Set,Anonymous,,,,0,10/7/2016 17:42,10/7/2016 17:46,1,1,1,1,1,0,0,92.999,0,,,,,,,,,,,2,1,,1,,,,,1,,1,,1,,1,,,1,1,1,90,5,2,37,2,,,,,1,,,Moral norm violation,Agent Questions,Agent_cause|Agent_rel,,,,,1|2,,,
R_3feBnxZMwBkoxT5,Default Response Set,Anonymous,,,,0,10/7/2016 17:43,10/7/2016 17:47,1,1,1,1,,,,,,1,0,0,83.16,0,,,,,,,,,,1,1,1,,1,,1,,1,,1,,1,1,1,1,,10,2,46,2,,,,,1,,,Norm conforming,Object Questions,,Object_Rel|Object_cause,,,1|2,,,,
R_3ktPJqkUaNPp9fk,Default Response Set,Anonymous,,,,0,10/7/2016 17:45,10/7/2016 17:48,1,1,1,1,,,,,,,,,,,1,1.091,10.877,49.862,2,1,1,,1,,,,,1,,,1,1,1,1,,1,1,1,1,90,10,1,30,2,,,,,1,,,Malfunction,Agent Questions,Agent_cause|Agent_rel,,,,,2|1,,,
R_ethZUWA3C65ZJZL,Default Response Set,Anonymous,,,,0,10/7/2016 17:39,10/7/2016 17:48,1,1,1,1,1,7.281,110.142,151.151,6,,,,,,,,,,,,,,,1,1,,1,1,,1,,1,,1,,,1,,1,,7,2,61,2,,,,,1,,,Moral norm violation,Object Questions,,Object_cause|Object_Rel,,,1|2,,,,
R_3lQg4Y3SnE7h1Ob,Default Response Set,Anonymous,,,,0,10/7/2016 17:47,10/7/2016 17:49,1,1,1,1,,,,,,,,,,,1,6.939,34.02,34.815,9,1,2,1,,,,,,,1,1,,1,,1,1,1,1,1,1,80,10,1,26,1,,,,,1,,,Malfunction,Agent Questions,Agent_cause|Agent_rel,,,,,2|1,,,
R_p3lUHSvfmrnxhsZ,Default Response Set,Anonymous,,,,0,10/7/2016 17:47,10/7/2016 17:49,1,1,1,1,,,,,,1,0,0,57.808,0,,,,,,,,,,2,2,1,,1,,1,,1,,1,,1,1,1,1,38,9,2,,1,,,,,1,,,Norm conforming,Object Questions,,Object_Rel|Object_cause,,,1|2,,,,
R_1dsKQpHgqdvWCI7,Default Response Set,Anonymous,,,,0,10/7/2016 17:48,10/7/2016 17:49,1,1,1,1,,,,,,1,2.206,4.487,32.781,2,,,,,,1,1,1,1,,,,,1,,1,,1,,1,,1,1,1,1,80,9,2,27,2,,,,,1,,,Norm conforming,Agent Questions,Agent_cause|Agent_rel,,,,,2|1,,,
R_2Uhe4SEzjdOUwgW,Default Response Set,Anonymous,,,,0,10/7/2016 17:47,10/7/2016 17:50,1,1,1,1,1,6.131,11.178,15.285,2,,,,,,,,,,,2,1,1,1,,,,,,1,,1,1,,1,,,1,,1,50,7,1,25,2,,1,,1,,,,Moral norm violation,Agent Questions,Agent_rel|Agent_cause,,,,,1|2,,,
R_30nM9BTPhhsZp4N,Default Response Set,Anonymous,,,,0,10/7/2016 17:48,10/7/2016 17:51,1,1,1,1,1,0,0,46.856,0,,,,,,,,,,,,,,,1,1,1,,1,1,1,,1,1,1,,,,1,1,63,10,1,42,2,,,,,1,,,Moral norm violation,Object Questions,,Object_cause|Object_Rel,,,1|2,,,,
R_8jNLyfwj3dbXrr7,Default Response Set,Anonymous,,,,0,10/7/2016 17:47,10/7/2016 17:51,1,1,1,1,,,,,,,,,,,1,0,0,61.204,0,,,,,2,1,,1,,1,1,,1,1,1,,1,1,1,1,50,10,2,31,2,,,,,1,,,Malfunction,Object Questions,,Object_cause|Object_Rel,,,2|1,,,,
R_3j2swEUPpXoTymG,Default Response Set,Anonymous,,,,0,10/7/2016 17:48,10/7/2016 17:51,1,1,1,1,,,,,,1,0,0,77.921,0,,,,,,1,1,1,1,,,,,1,,1,,1,,1,,1,,1,,95,6,1,52,2,,,,,1,,,Norm conforming,Agent Questions,Agent_rel|Agent_cause,,,,,2|1,,,
R_5aogimcKOcaYG7T,Default Response Set,Anonymous,,,,0,10/7/2016 17:39,10/7/2016 17:52,1,1,1,1,,,,,,1,93.33,94.105,100.996,2,,,,,,,,,,1,1,1,1,1,,1,,1,,1,,1,,1,,50,7,2,53,2,,,,,1,,,Norm conforming,Object Questions,,Object_cause|Object_Rel,,,1|2,,,,
R_1OVaDXppxHPCnpX,Default Response Set,Anonymous,,,,0,10/7/2016 17:48,10/7/2016 17:52,1,1,1,1,,,,,,,,,,,1,0,0,44.592,0,,,,,2,1,,1,,1,1,,1,1,1,,1,1,1,1,76,9,2,22,2,,,,1,,,,Malfunction,Object Questions,,Object_Rel|Object_cause,,,2|1,,,,
R_vYm5lOEAN2mwkzD,Default Response Set,Anonymous,,,,0,10/7/2016 17:51,10/7/2016 17:53,1,1,1,1,1,18.998,18.998,19.683,1,,,,,,,,,,,,,,,,2,,1,1,,,1,1,,,1,1,,1,,36,7,1,20,2,,,,,1,,,Moral norm violation,Object Questions,,Object_Rel|Object_cause,,,2|1,,,,
R_TbFR0xCqRTxtr1v,Default Response Set,Anonymous,,,,0,10/7/2016 17:49,10/7/2016 17:53,1,1,1,1,,,,,,,,,,,1,68.295,73.475,91.024,4,2,1,,1,,,,,,1,1,,1,1,1,,1,1,1,1,81,5,2,58,2,,1,,,,,,Malfunction,Agent Questions,Agent_cause|Agent_rel,,,,,2|1,,,
R_2uQjXDIDYsTXlJy,Default Response Set,Anonymous,,,,0,10/7/2016 17:52,10/7/2016 17:54,1,1,1,1,,,,,,1,0,0,44.842,0,,,,,,1,1,1,,,,,,1,,1,1,1,1,,1,1,,1,,39,10,2,40,2,,,,,1,,,Norm conforming,Agent Questions,Agent_rel|Agent_cause,,,,,1|2,,,
R_3kjMD6qzWpBToJC,Default Response Set,Anonymous,,,,0,10/7/2016 17:51,10/7/2016 17:55,1,1,1,1,,,,,,,,,,,1,0,0,58.022,0,,,,,2,1,,1,,1,1,,1,1,1,,1,1,1,1,100,10,1,44,2,,,,,1,,,Malfunction,Object Questions,,Object_Rel|Object_cause,,,1|2,,,,
R_XiXB1UUDzUJxNzb,Default Response Set,Anonymous,,,,0,10/7/2016 17:50,10/7/2016 17:55,1,1,1,1,1,0,0,125.845,0,,,,,,,,,,,,,,,2,2,,,1,,1,,1,,1,,,1,1,,100,10,1,35,2,,1,,,,,,Moral norm violation,Object Questions,,Object_Rel|Object_cause,,,1|2,,,,
R_2PnhNcXXdJvfMCL,Default Response Set,Anonymous,,,,0,10/7/2016 17:44,10/7/2016 17:55,1,1,1,1,1,4.542,15.251,126.383,3,,,,,,,,,,,,,,,2,2,1,,1,,1,,1,,1,,,1,1,,75,7,2,59,2,,,,,1,,,Moral norm violation,Object Questions,,Object_cause|Object_Rel,,,1|2,,,,
R_1dfN3wFgOseaE8U,Default Response Set,Anonymous,,,,0,10/7/2016 17:53,10/7/2016 17:55,1,1,1,1,,,,,,1,0,0,42.145,0,,,,,,,,,,1,1,1,1,1,,1,,1,,1,,1,1,1,1,50,10,1,29,2,,,,,1,,,Norm conforming,Object Questions,,Object_cause|Object_Rel,,,2|1,,,,
R_3eeuByHp6HEem6l,Default Response Set,Anonymous,,,,0,10/7/2016 17:53,10/7/2016 17:56,1,1,1,1,,,,,,,,,,,1,0,0,73.478,0,2,1,,1,,,,,,1,1,,1,1,1,,1,1,1,,71,8,2,21,2,,,,,1,,,Malfunction,Agent Questions,Agent_rel|Agent_cause,,,,,2|1,,,
R_1IN7pOk5zfVNmj6,Default Response Set,Anonymous,,,,0,10/7/2016 17:52,10/7/2016 17:56,1,1,1,1,,,,,,,,,,,1,0,0,57.682,0,2,1,,1,,,,,1,1,1,,1,1,1,,1,,1,,80,8,1,26,2,,,,,1,,,Malfunction,Agent Questions,Agent_cause|Agent_rel,,,,,1|2,,,
R_3J7P1Y4mwrsZv3B,Default Response Set,Anonymous,,,,0,10/7/2016 17:53,10/7/2016 17:58,1,1,1,1,1,26.583,26.583,92.302,1,,,,,,,,,,,2,1,,1,,,,,1,,1,,1,,1,,,1,1,1,50,7,,23,,,,,,1,,,Moral norm violation,Agent Questions,Agent_cause|Agent_rel,,,,,1|2,,,
R_1NzeDnQXV8zIzp4,Default Response Set,Anonymous,,,,0,10/7/2016 17:39,10/7/2016 17:59,1,1,1,1,1,0,0,413.769,0,,,,,,,,,,,,,,,2,2,1,1,1,,1,,1,,1,,1,1,1,1,58,9,1,36,2,,,,1,,,,Moral norm violation,Object Questions,,Object_Rel|Object_cause,,,1|2,,,,
R_3Kow97keZnzCqHC,Default Response Set,Anonymous,,,,0,10/7/2016 17:58,10/7/2016 18:00,1,1,1,1,,,,,,1,0,0,36.227,0,,,,,,,,,,2,2,1,1,1,,1,,1,,1,,1,1,1,1,90,10,2,24,2,,,,1,1,,,Norm conforming,Object Questions,,Object_Rel|Object_cause,,,1|2,,,,
R_2wsEuLv33DmsT7I,Default Response Set,Anonymous,,,,0,10/7/2016 17:59,10/7/2016 18:01,1,1,1,1,,,,,,,,,,,1,2.138,5.936,50.032,2,,,,,1,1,,1,,1,1,,1,1,1,,1,1,1,1,100,6,1,39,2,,,,,1,,,Malfunction,Object Questions,,Object_Rel|Object_cause,,,2|1,,,,
R_1mQNAE2waRFfvqA,Default Response Set,Anonymous,,,,0,10/7/2016 17:54,10/7/2016 18:01,1,1,1,1,1,11.706,71.984,101.301,2,,,,,,,,,,,,,,,2,2,,1,1,,1,,1,,1,,,1,1,1,60,7,2,50,2,,,,1,,,,Moral norm violation,Object Questions,,Object_cause|Object_Rel,,,1|2,,,,
R_2TpD4fl2gdCuinh,Default Response Set,Anonymous,,,,0,10/7/2016 17:59,10/7/2016 18:02,1,1,1,1,,,,,,,,,,,1,0,0,42.692,0,2,1,,1,,,,,,1,1,,1,1,1,,1,1,1,,88,7,1,32,2,,,,,1,,,Malfunction,Agent Questions,Agent_rel|Agent_cause,,,,,2|1,,,
R_3mh3HUYFN0MH6mo,Default Response Set,Anonymous,,,,0,10/7/2016 17:59,10/7/2016 18:02,1,1,1,1,1,0,0,73.244,0,,,,,,,,,,,1,1,1,1,,,,,1,,1,,1,,1,,,1,,1,52,5,2,26,2,,,,,1,,,Moral norm violation,Agent Questions,Agent_rel|Agent_cause,,,,,1|2,,,
R_DuCUmGVwToY5Fm1,Default Response Set,Anonymous,,,,0,10/7/2016 17:59,10/7/2016 18:02,1,1,1,1,,,,,,1,3.161,11.379,51.192,2,,,,,,1,1,1,1,,,,,1,,1,,1,,1,,1,1,1,1,60,10,2,38,2,,,,,1,,,Norm conforming,Agent Questions,Agent_rel|Agent_cause,,,,,2|1,,,
R_2B3rQusGGkgvAyN,Default Response Set,Anonymous,,,,0,10/7/2016 17:55,10/7/2016 18:03,1,1,1,1,,,,,,,,,,,1,15.23,29.678,127.669,2,2,1,,1,,,,,,1,1,,1,1,1,,1,1,1,1,92,9,1,56,2,,,,,1,,,Malfunction,Agent Questions,Agent_cause|Agent_rel,,,,,2|1,,,
R_3Pul3LmdoYW1B0z,Default Response Set,Anonymous,,,,0,10/7/2016 17:54,10/7/2016 18:04,1,1,1,1,,,,,,1,83.486,83.486,99.338,1,,,,,,,,,,1,1,1,1,1,,1,,1,,1,,1,,1,,75,8,1,51,2,,,,,1,,,Norm conforming,Object Questions,,Object_cause|Object_Rel,,,1|2,,,,
R_3PNsKC5T0wSl6Dh,Default Response Set,Anonymous,,,,0,10/7/2016 18:00,10/7/2016 18:04,1,1,1,1,1,55.345,86.808,113.53,8,,,,,,,,,,,,,,,1,1,1,1,1,,1,,1,,1,,,1,1,1,90,6,1,33,2,,1,,,,,,Moral norm violation,Object Questions,,Object_cause|Object_Rel,,,2|1,,,,
R_31Hq9Oicz2ETXWf,Default Response Set,Anonymous,,,,0,10/7/2016 18:02,10/7/2016 18:05,1,1,1,1,1,0,0,85.41,0,,,,,,,,,,,,,,,1,2,1,1,1,,1,,1,,1,,1,,1,,79,8,1,27,2,,1,,,,,,Moral norm violation,Object Questions,,Object_Rel|Object_cause,,,2|1,,,,
R_2v7KhDuUoP88JVD,Default Response Set,Anonymous,,,,0,10/7/2016 17:57,10/7/2016 18:06,1,1,1,1,1,2.691,219.518,280.259,2,,,,,,,,,,,1,1,1,1,,,,,1,,1,,1,,1,,,1,1,,80,6,2,30,2,,,,,1,,,Moral norm violation,Agent Questions,Agent_rel|Agent_cause,,,,,2|1,,,
R_1jV9u5vlbEj6et3,Default Response Set,Anonymous,,,,0,10/7/2016 18:06,10/7/2016 18:09,1,1,1,1,,,,,,,,,,,1,20.203,20.673,40.794,2,,,,,2,1,,1,,1,1,,1,1,1,,1,1,1,1,100,10,1,28,2,,,,,1,,,Malfunction,Object Questions,,Object_Rel|Object_cause,,,2|1,,,,
R_1rpNxQ3O0pIcOHv,Default Response Set,Anonymous,,,,0,10/7/2016 18:04,10/7/2016 18:10,1,1,1,1,1,5.093,103.608,151.232,6,,,,,,,,,,,2,1,,1,,,,,1,,1,,1,,1,,,1,1,1,,5,2,38,2,,,,,1,,,Moral norm violation,Agent Questions,Agent_rel|Agent_cause,,,,,2|1,,,
R_323GxSDPJGwV7XN,Default Response Set,Anonymous,,,,0,10/7/2016 18:03,10/7/2016 18:10,1,1,1,1,,,,,,1,2.49,8.769,72.839,2,,,,,,,,,,2,1,1,1,1,,1,,1,,1,,1,1,1,1,60,7,1,53,2,,,,,1,,,Norm conforming,Object Questions,,Object_Rel|Object_cause,,,2|1,,,,
R_PZ3E9F0fgmlg3UB,Default Response Set,Anonymous,,,,0,10/7/2016 18:09,10/7/2016 18:11,1,1,1,1,,,,,,,,,,,1,0,0,45.586,0,,,,,2,1,1,1,,1,1,,1,1,1,,1,1,1,1,100,10,1,18,1,,1,,,1,1,,Malfunction,Object Questions,,Object_cause|Object_Rel,,,2|1,,,,
R_29g1adTKtrFcCVb,Default Response Set,Anonymous,,,,0,10/7/2016 18:07,10/7/2016 18:11,1,1,1,1,1,0,0,73.059,0,,,,,,,,,,,1,1,,1,,,,,1,,1,,1,,1,,,1,1,1,31,5,2,57,2,,,,,1,,,Moral norm violation,Agent Questions,Agent_cause|Agent_rel,,,,,1|2,,,
R_2zl5flgsJ4Ez94A,Default Response Set,Anonymous,,,,0,10/7/2016 18:13,10/7/2016 18:16,1,1,1,1,,,,,,1,0,0,49.471,0,,,,,,2,2,1,1,,,,,1,,1,,1,,1,,1,1,1,1,65,10,2,56,2,,,,,1,,,Norm conforming,Agent Questions,Agent_rel|Agent_cause,,,,,1|2,,,
R_3MGQSyc0y1jET96,Default Response Set,Anonymous,,,,0,10/7/2016 18:15,10/7/2016 18:20,1,1,1,1,1,0,0,102.758,0,,,,,,,,,,,,,,,2,2,,,1,,1,,1,,1,,,1,,1,100,6,1,,2,,,,,,,,Moral norm violation,Object Questions,,Object_cause|Object_Rel,,,1|2,,,,
R_Zyrb1zrSymJ1iuZ,Default Response Set,Anonymous,,,,0,10/7/2016 18:15,10/7/2016 18:20,1,1,1,1,,,,,,,,,,,1,0,0,67.916,0,,,,,2,1,,1,,1,1,,1,1,1,,1,1,1,1,95,10,1,32,2,,,,,1,,,Malfunction,Object Questions,,Object_Rel|Object_cause,,,1|2,,,,
R_cSxFlHiZ1CypICl,Default Response Set,Anonymous,,,,0,10/7/2016 18:14,10/7/2016 18:21,1,1,1,1,,,,,,1,2.771,20.548,165.628,4,,,,,,,,,,2,2,1,1,1,,1,,1,,1,,1,1,1,1,80,9,1,44,2,,,,,1,,,Norm conforming,Object Questions,,Object_cause|Object_Rel,,,1|2,,,,
R_11Zyiz685vHHVcK,Default Response Set,Anonymous,,,,0,10/7/2016 18:19,10/7/2016 18:23,1,1,1,1,,,,,,1,0,0,116.112,0,,,,,,,,,,2,2,,1,1,,1,,1,,1,,1,,1,,71,9,1,25,2,,,,,1,,,Norm conforming,Object Questions,,Object_Rel|Object_cause,,,2|1,,,,
R_1dMQEAnQqs0tyBR,Default Response Set,Anonymous,,,,0,10/7/2016 18:16,10/7/2016 18:23,1,1,1,1,,,,,,,,,,,1,0,0,115.063,0,1,2,1,,,,,,,1,1,,1,1,1,,1,,1,,90,9,1,50,2,,,,,1,,,Malfunction,Agent Questions,Agent_rel|Agent_cause,,,,,2|1,,,
R_2pLZQ0rmfHexuU7,Default Response Set,Anonymous,,,,0,10/7/2016 18:18,10/7/2016 18:23,1,1,1,1,,,,,,1,0,0,1.986,0,,,,,,2,1,1,,,,,,1,,,1,1,,,1,1,,,1,36,7,2,34,2,,,,1,,,,Norm conforming,Agent Questions,Agent_cause|Agent_rel,,,,,1|2,,,
R_vZwxOMwnbwZ7GQV,Default Response Set,Anonymous,,,,0,10/7/2016 18:21,10/7/2016 18:26,1,1,1,1,,,,,,,,,,,1,0,0,86.849,0,2,1,,1,,,,,,1,1,,1,1,1,,1,,1,,,9,1,29,1,,,,,,1,,Malfunction,Agent Questions,Agent_rel|Agent_cause,,,,,1|2,,,
R_27HXfSKUBMdUMvN,Default Response Set,Anonymous,,,,0,10/7/2016 18:22,10/7/2016 18:26,1,1,1,1,1,73.524,73.524,74.234,1,,,,,,,,,,,,,,,1,2,1,1,1,,1,,1,,1,,,1,1,,90,4,1,24,2,,,,,1,,,Moral norm violation,Object Questions,,Object_cause|Object_Rel,,,1|2,,,,
R_1ZF6bovNnzFjWU1,Default Response Set,Anonymous,,,,0,10/7/2016 18:22,10/7/2016 18:29,1,1,1,1,,,,,,,,,,,1,88.615,89.168,101.217,2,1,2,1,1,,,,,,1,1,,1,1,1,,1,1,1,1,90,9,2,47,2,,,,,1,,,Malfunction,Agent Questions,Agent_cause|Agent_rel,,,,,1|2,,,
R_3dWaJLa8uBtcS5z,Default Response Set,Anonymous,,,,0,10/7/2016 18:27,10/7/2016 18:31,1,1,1,1,,,,,,1,0,0,80.407,0,,,,,,2,1,,1,,,,,1,,1,,1,,1,,1,,1,,50,9,1,42,2,,,,,1,,,Norm conforming,Agent Questions,Agent_rel|Agent_cause,,,,,2|1,,,
R_0GtyPCbmJqNvSmd,Default Response Set,Anonymous,,,,0,10/7/2016 18:21,10/7/2016 18:32,1,1,1,1,1,3.992,3.992,6.24,1,,,,,,,,,,,,,,,1,1,,,1,,1,,1,,1,,1,,1,,100,9,2,49,2,,,,1,,,,Moral norm violation,Object Questions,,Object_cause|Object_Rel,,,1|2,,,,
R_1NmPfN1W4gCZ6qF,Default Response Set,Anonymous,,,,0,10/7/2016 18:27,10/7/2016 18:33,1,1,1,1,1,2.456,13.517,62.894,3,,,,,,,,,,,,,,,2,1,,1,1,,1,,1,,1,,,1,1,1,80,5,1,42,2,,,,,1,,,Moral norm violation,Object Questions,,Object_Rel|Object_cause,,,2|1,,,,
R_vAWwpnhmtnFZtwl,Default Response Set,Anonymous,,,,0,10/7/2016 18:27,10/7/2016 18:35,1,1,1,1,,,,,,1,0,0,199.516,0,,,,,,,,,,2,2,1,1,1,,1,,1,,1,,1,1,1,1,,10,2,35,2,,,,1,,,,Norm conforming,Object Questions,,Object_cause|Object_Rel,,,2|1,,,,
R_3DhazMMY5ZPbLWh,Default Response Set,Anonymous,,,,0,10/7/2016 18:31,10/7/2016 18:35,1,1,1,1,,,,,,,,,,,1,3.439,18.299,64.922,3,2,1,,1,,,,,,1,1,,1,1,1,,1,1,1,1,95,9,1,26,2,,,,,1,,,Malfunction,Agent Questions,Agent_rel|Agent_cause,,,,,1|2,,,
R_1j8rFHheREr85GB,Default Response Set,Anonymous,,,,0,10/7/2016 18:32,10/7/2016 18:35,1,1,1,1,1,26.515,26.515,29.963,1,,,,,,,,,,,2,1,,1,,,,,1,,1,,1,,1,,,1,1,,100,6,1,30,2,,,,,1,,,Moral norm violation,Agent Questions,Agent_rel|Agent_cause,,,,,2|1,,,
R_1Ka3ZVfPPdjhJ0h,Default Response Set,Anonymous,,,,0,10/7/2016 18:35,10/7/2016 18:36,1,1,1,1,,,,,,,,,,,1,0,0,0.74,0,,,,,1,,1,,1,,,,1,,,1,,1,1,,32,6,1,21,1,,,,1,,,,Malfunction,Object Questions,,Object_cause|Object_Rel,,,1|2,,,,
R_3MRwsaVzhSzrqD4,Default Response Set,Anonymous,,,,0,10/7/2016 18:31,10/7/2016 18:37,1,1,1,1,,,,,,1,2.755,73.402,74.909,2,,,,,,,,,,2,2,,,1,,1,,1,,1,,1,1,1,1,90,10,1,28,1,1,,,1,1,1,,Norm conforming,Object Questions,,Object_Rel|Object_cause,,,2|1,,,,
R_31yB6VSK0ts3kOK,Default Response Set,Anonymous,,,,0,10/7/2016 18:31,10/7/2016 18:37,1,1,1,1,,,,,,,,,,,1,0,0,219.239,0,2,2,1,1,,,,,1,,1,1,1,,1,,1,1,1,1,23,9,2,,,,,,,,,,Malfunction,Agent Questions,Agent_cause|Agent_rel,,,,,2|1,,,
R_2bUibtYGdfhuOfa,Default Response Set,Anonymous,,,,0,10/7/2016 18:34,10/7/2016 18:38,1,1,1,1,1,0,0,71.821,0,,,,,,,,,,,,,,,1,1,1,1,1,,1,,1,,1,,,1,1,1,75,9,1,33,2,,1,,,,,,Moral norm violation,Object Questions,,Object_Rel|Object_cause,,,1|2,,,,
R_1hWoltQzBl2nJUV,Default Response Set,Anonymous,,,,0,10/7/2016 18:35,10/7/2016 18:38,1,1,1,1,,,,,,1,0,0,53.99,0,,,,,,2,2,1,,,,,,1,,1,1,1,,1,,1,1,1,1,93,10,1,36,2,,,,,1,,,Norm conforming,Agent Questions,Agent_rel|Agent_cause,,,,,2|1,,,
R_3FXX1rJfMmETstf,Default Response Set,Anonymous,,,,0,10/7/2016 18:35,10/7/2016 18:39,1,1,1,1,1,0,0,15.065,0,,,,,,,,,,,1,1,1,1,,,,,1,,1,,1,,1,,1,1,1,1,100,10,2,38,2,,,,,1,,,Moral norm violation,Agent Questions,Agent_rel|Agent_cause,,,,,1|2,,,
R_3DbUR65SnOH7q9s,Default Response Set,Anonymous,,,,0,10/7/2016 18:37,10/7/2016 18:40,1,1,1,1,,,,,,1,0,0,35.884,0,,,,,,2,1,1,,,,,,1,1,,,1,1,,,1,1,,,24,7,2,27,2,,,,1,,,,Norm conforming,Agent Questions,Agent_rel|Agent_cause,,,,,2|1,,,
R_1CjC5txsH6f8ONq,Default Response Set,Anonymous,,,,0,10/7/2016 18:36,10/7/2016 18:41,1,1,1,1,,,,,,,,,,,1,48.662,60.38,61.342,4,,,,,2,1,,1,,1,1,,,,,,1,1,1,1,55,10,2,25,2,,,,1,,,,Malfunction,Object Questions,,Object_cause|Object_Rel,,,1|2,,,,
R_1EjmBLoEK4Zb3pN,Default Response Set,Anonymous,,,,0,10/7/2016 18:39,10/7/2016 18:42,1,1,1,1,,,,,,1,14.544,18.661,104.656,2,,,,,,,,,,2,2,,,1,,1,,1,,1,,1,1,1,1,95,10,2,24,2,,1,,,,,,Norm conforming,Object Questions,,Object_Rel|Object_cause,,,1|2,,,,
R_A0dudRgkc8awH05,Default Response Set,Anonymous,,,,0,10/7/2016 18:39,10/7/2016 18:44,1,1,1,1,1,0,0,66.998,0,,,,,,,,,,,,1,,1,,,,,,1,1,,1,,1,,,1,1,,60,6,1,25,2,,,,,1,,,Moral norm violation,Agent Questions,Agent_rel|Agent_cause,,,,,1|2,,,
R_1psoWFitWXpxZ1D,Default Response Set,Anonymous,,,,0,10/7/2016 18:41,10/7/2016 18:45,1,1,1,1,,,,,,,,,,,1,0,0,94.73,0,,,,,2,1,,1,,1,1,,1,1,1,,1,,1,,100,8,2,55,2,,,,,1,,,Malfunction,Object Questions,,Object_cause|Object_Rel,,,2|1,,,,
R_24Ou6wTzMhKzmq7,Default Response Set,Anonymous,,,,0,10/7/2016 18:43,10/7/2016 18:46,1,1,1,1,1,0,0,53.24,0,,,,,,,,,,,,,,,1,1,1,1,1,,1,,1,,1,,,1,1,1,67,6,2,36,2,,,,,1,,,Moral norm violation,Object Questions,,Object_cause|Object_Rel,,,1|2,,,,
R_3HYchFodRL5OBXb,Default Response Set,Anonymous,,,,0,10/7/2016 18:42,10/7/2016 18:47,1,1,1,1,,,,,,,,,,,1,0,0,78.535,0,2,2,,1,,,,,,1,1,,,1,1,1,1,1,1,1,81,7,1,62,2,,,,,1,,,Malfunction,Agent Questions,Agent_cause|Agent_rel,,,,,1|2,,,
R_24vBKUMU8bj6sEI,Default Response Set,Anonymous,,,,0,10/7/2016 18:45,10/7/2016 18:49,1,1,1,1,,,,,,1,0,0,58.001,0,,,,,,1,1,1,,,,,,1,,,1,1,1,,,1,1,1,1,87,9,1,29,1,,,,,,,1,Norm conforming,Agent Questions,Agent_rel|Agent_cause,,,,,2|1,,,
R_sqiWlsSgkNXeb05,Default Response Set,Anonymous,,,,0,10/7/2016 18:48,10/7/2016 18:52,1,1,1,1,,,,,,,,,,,1,0,0,78.456,0,,,,,2,1,,1,,1,1,,1,1,1,,1,1,1,1,85,10,1,47,2,,,,,1,,,Malfunction,Object Questions,,Object_cause|Object_Rel,,,2|1,,,,
R_1IAiAC1e5nIkUWt,Default Response Set,Anonymous,,,,0,10/7/2016 18:54,10/7/2016 18:59,1,1,1,1,,,,,,1,0,0,66.459,0,,,,,,1,1,1,1,,,,,1,,1,,1,,1,,1,1,1,1,100,9,2,43,2,,,,1,,,,Norm conforming,Agent Questions,Agent_cause|Agent_rel,,,,,1|2,,,
R_00vC4YamQ08VV73,Default Response Set,Anonymous,,,,0,10/7/2016 18:55,10/7/2016 19:00,1,1,1,1,,,,,,,,,,,1,10.494,10.494,12.012,1,2,1,1,1,,,,,1,,,1,1,,1,,1,,1,1,,8,1,35,2,,,,,1,,,Malfunction,Agent Questions,Agent_rel|Agent_cause,,,,,1|2,,,
R_2vZj6sy2bof8Taj,Default Response Set,Anonymous,,,,0,10/7/2016 18:57,10/7/2016 19:00,1,1,1,1,1,3.713,11.698,60.135,3,,,,,,,,,,,,,,,2,2,1,1,1,,1,,1,,1,,,1,1,1,80,6,1,25,2,,1,,1,,1,,Moral norm violation,Object Questions,,Object_Rel|Object_cause,,,1|2,,,,
R_21BNsiKvcHHRIwa,Default Response Set,Anonymous,,,,0,10/7/2016 18:59,10/7/2016 19:03,1,1,1,1,,,,,,1,2.118,17.445,70.171,4,,,,,,1,1,1,1,,,,,1,,1,,1,,1,,1,1,1,1,81,8,1,23,2,,1,,,,,,Norm conforming,Agent Questions,Agent_rel|Agent_cause,,,,,2|1,,,
R_umtr6fc9eAUhOFz,Default Response Set,Anonymous,,,,0,10/7/2016 19:03,10/7/2016 19:07,1,1,1,1,1,4.411,5.016,27.13,2,,,,,,,,,,,,,,,1,1,1,1,1,,1,,1,,1,,,1,1,1,91,6,2,24,2,,,,,1,,,Moral norm violation,Object Questions,,Object_cause|Object_Rel,,,2|1,,,,
R_2OOaLTJChuUb3A4,Default Response Set,Anonymous,,,,0,10/7/2016 19:02,10/7/2016 19:07,1,1,1,1,,,,,,,,,,,1,0,0,93.045,0,1,1,,1,,,,,,1,1,,1,1,1,,1,1,1,1,77,9,1,35,2,,,,,,,,Malfunction,Agent Questions,Agent_rel|Agent_cause,,,,,1|2,,,
R_3nqmsfGKEZomkIv,Default Response Set,Anonymous,,,,0,10/7/2016 19:09,10/7/2016 19:12,1,1,1,1,,,,,,,,,,,1,73.791,73.977,74.988,2,2,1,,1,,,,,,1,1,,1,1,1,,1,1,1,1,90,9,2,25,2,,,,,1,,,Malfunction,Agent Questions,Agent_rel|Agent_cause,,,,,1|2,,,
R_2zjCEHyIIpDZs1V,Default Response Set,Anonymous,,,,0,10/7/2016 19:11,10/7/2016 19:17,1,1,1,1,1,0,0,113.386,0,,,,,,,,,,,2,1,,1,,,,,1,,1,,1,,1,,,1,1,1,95,4,1,74,2,,,,,1,,,Moral norm violation,Agent Questions,Agent_rel|Agent_cause,,,,,2|1,,,
R_2eVVSXMVMFCEF9D,Default Response Set,Anonymous,,,,0,10/7/2016 19:12,10/7/2016 19:17,1,1,1,1,,,,,,1,0,0,89.173,0,,,,,,,,,,2,2,1,1,1,,1,,1,,1,,1,1,1,1,98,10,1,39,2,,1,,,,,,Norm conforming,Object Questions,,Object_Rel|Object_cause,,,2|1,,,,
R_skbQV5eldFatN4Z,Default Response Set,Anonymous,,,,0,10/7/2016 19:15,10/7/2016 19:19,1,1,1,1,1,0,0,59.931,0,,,,,,,,,,,2,2,1,1,,,,,1,,1,,1,,1,,,1,1,1,50,10,1,30,2,,,,,1,,,Moral norm violation,Agent Questions,Agent_cause|Agent_rel,,,,,1|2,,,
R_2U4uRJQVYWjLcx8,Default Response Set,Anonymous,,,,0,10/7/2016 19:15,10/7/2016 19:20,1,1,1,1,,,,,,,,,,,1,8.043,37.926,127.986,5,,,,,2,1,,1,,1,1,,,1,1,,1,1,1,1,98,7,2,28,2,,,,1,,,,Malfunction,Object Questions,,Object_cause|Object_Rel,,,1|2,,,,
R_3jUt2V6c0KalBJp,Default Response Set,Anonymous,,,,0,10/7/2016 19:18,10/7/2016 19:22,1,1,1,1,1,3.321,54.652,81.401,4,,,,,,,,,,,2,1,,1,,,,,1,,1,,1,,1,,,1,1,1,85,6,1,30,2,,,1,1,1,1,,Moral norm violation,Agent Questions,Agent_rel|Agent_cause,,,,,1|2,,,
R_1QEEWu1TOX9ut9a,Default Response Set,Anonymous,,,,0,10/7/2016 19:20,10/7/2016 19:23,1,1,1,1,,,,,,,,,,,1,0,0,72.556,0,2,2,,1,,,,,,1,1,,1,1,1,,1,1,1,1,100,10,2,44,2,,,,1,,,,Malfunction,Agent Questions,Agent_cause|Agent_rel,,,,,1|2,,,
R_2TuuuXXUD2FHmmt,Default Response Set,Anonymous,,,,0,10/7/2016 19:22,10/7/2016 19:26,1,1,1,1,,,,,,1,0,0,62.358,0,,,,,,,,,,2,2,1,,1,,1,,1,,1,,1,1,,,50,9,1,27,2,,,,,1,,,Norm conforming,Object Questions,,Object_cause|Object_Rel,,,2|1,,,,
R_e54GDeYnk6rwv1D,Default Response Set,Anonymous,,,,0,10/7/2016 19:26,10/7/2016 19:34,1,1,1,1,1,85.745,117.779,118.906,3,,,,,,,,,,,,,,,2,1,,1,1,,1,,1,,1,,,1,1,1,78,5,2,52,2,,,,,1,,,Moral norm violation,Object Questions,,Object_Rel|Object_cause,,,1|2,,,,
R_2U5cRVQCNGVSjSw,Default Response Set,Anonymous,,,,0,10/7/2016 19:33,10/7/2016 19:36,1,1,1,1,,,,,,1,0,0,53.854,0,,,,,,1,2,1,,,,,,1,,1,,1,,1,,1,1,1,1,96,9,2,24,2,,,,,1,,,Norm conforming,Agent Questions,Agent_rel|Agent_cause,,,,,1|2,,,
R_3OkSV4v2FQj0Xuv,Default Response Set,Anonymous,,,,0,10/7/2016 19:33,10/7/2016 19:37,1,1,1,1,,,,,,,,,,,1,0,0,79.715,0,2,2,,1,,,,,,1,1,,1,1,1,,1,1,1,1,90,10,1,57,2,,,,,1,,,Malfunction,Agent Questions,Agent_cause|Agent_rel,,,,,2|1,,,
R_3EoG2jzM1cMFClW,Default Response Set,Anonymous,,,,0,10/7/2016 19:34,10/7/2016 19:39,1,1,1,1,1,0,0,135.226,0,,,,,,,,,,,,,,,2,1,,1,1,,1,,1,,1,,,1,1,,82,6,2,25,2,,,,,1,,,Moral norm violation,Object Questions,,Object_cause|Object_Rel,,,2|1,,,,
R_2UXZBbhWZivaQFH,Default Response Set,Anonymous,,,,0,10/7/2016 19:39,10/7/2016 19:42,1,1,1,1,,,,,,,,,,,1,0,0,54.135,0,2,1,,1,,,,,1,1,1,,1,1,1,,1,1,1,1,91,10,1,35,2,,1,,,,,,Malfunction,Agent Questions,Agent_rel|Agent_cause,,,,,1|2,,,
R_2VJC08sXX0HWxCJ,Default Response Set,Anonymous,,,,0,10/7/2016 19:40,10/7/2016 19:45,1,1,1,1,,,,,,,,,,,1,0,0,96.062,0,,,,,2,1,,1,,1,1,,1,1,,1,1,1,,,91,6,1,,,,,,,1,,,Malfunction,Object Questions,,Object_Rel|Object_cause,,,1|2,,,,
R_1FIDZQoYXm85UuK,Default Response Set,Anonymous,,,,0,10/7/2016 19:43,10/7/2016 19:45,1,1,1,1,,,,,,,,,,,1,0,0,37.218,0,,,,,1,1,,1,1,,,1,1,1,,,1,1,1,1,100,10,2,21,2,,,,,1,,,Malfunction,Object Questions,,Object_Rel|Object_cause,,,1|2,,,,
R_2TSFfwzUbFpBYtw,Default Response Set,Anonymous,,,,0,10/7/2016 19:40,10/7/2016 19:45,1,1,1,1,,,,,,1,28.002,55.398,61.49,11,,,,,,2,2,,1,,,,,1,,,1,1,,1,,1,1,1,1,50,10,2,53,2,,,,,1,,,Norm conforming,Agent Questions,Agent_cause|Agent_rel,,,,,2|1,,,
R_1Qz558usKgcjosZ,Default Response Set,Anonymous,,,,0,10/7/2016 19:42,10/7/2016 19:48,1,1,1,1,,,,,,1,0,0,174.615,0,,,,,,2,1,,1,,,,,1,,,1,1,1,1,,1,,,1,51,7,1,30,1,,,,1,,,,Norm conforming,Agent Questions,Agent_cause|Agent_rel,,,,,2|1,,,
R_DMH640PhlPzGHmh,Default Response Set,Anonymous,,,,0,10/7/2016 19:41,10/7/2016 19:48,1,1,1,1,1,0,0,237.34,0,,,,,,,,,,,1,1,1,1,,,,,1,,1,,1,,1,,,1,1,1,80,9,2,72,,,,,,1,,,Moral norm violation,Agent Questions,Agent_cause|Agent_rel,,,,,2|1,,,
R_33rnNq9u3H8ew5x,Default Response Set,Anonymous,,,,0,10/7/2016 19:45,10/7/2016 19:49,1,1,1,1,1,0,0,68.717,0,,,,,,,,,,,,,,,2,2,1,1,1,,1,,1,,1,,,1,1,1,40,5,2,32,2,,,,,1,,,Moral norm violation,Object Questions,,Object_Rel|Object_cause,,,2|1,,,,
R_25ZUiYN8pvyVBBT,Default Response Set,Anonymous,,,,0,10/7/2016 19:46,10/7/2016 19:49,1,1,1,1,1,0,0,74.251,0,,,,,,,,,,,2,1,,1,,,,,1,,1,,1,,1,,,1,1,,91,6,2,38,2,,,,,1,,,Moral norm violation,Agent Questions,Agent_rel|Agent_cause,,,,,1|2,,,
R_2tzdYLun7WqoPul,Default Response Set,Anonymous,,,,0,10/7/2016 19:49,10/7/2016 19:51,1,1,1,1,,,,,,,,,,,1,0,0,45.637,0,,,,,2,1,,1,,1,1,,1,1,,1,1,1,1,1,100,10,2,22,2,,,,,1,,,Malfunction,Object Questions,,Object_cause|Object_Rel,,,1|2,,,,
R_Df5FJKBbFVwadUZ,Default Response Set,Anonymous,,,,0,10/7/2016 19:49,10/7/2016 19:53,1,1,1,1,,,,,,1,2.832,23.781,24.599,2,,,,,,2,2,1,,,,,,1,,1,,1,,1,,1,1,1,1,1,9,2,26,2,,,,,1,,,Norm conforming,Agent Questions,Agent_rel|Agent_cause,,,,,2|1,,,
R_2wjhdD5Gf7dLcp3,Default Response Set,Anonymous,,,,0,10/7/2016 19:54,10/7/2016 19:57,1,1,1,1,1,0,0,85.478,0,,,,,,,,,,,,,,,2,2,,1,1,,1,,1,,1,,,1,1,1,80,10,2,50,2,,,,,1,,,Moral norm violation,Object Questions,,Object_Rel|Object_cause,,,1|2,,,,
R_10BC4vRWvfgzo5P,Default Response Set,Anonymous,,,,0,10/7/2016 19:55,10/7/2016 19:58,1,1,1,1,,,,,,,,,,,1,1.516,1.516,24.577,1,1,1,,1,,,,,,1,1,,1,1,1,,1,1,1,1,94,9,2,25,2,,,,,,1,,Malfunction,Agent Questions,Agent_rel|Agent_cause,,,,,1|2,,,
R_3PgVKTp6nghj7rD,Default Response Set,Anonymous,,,,0,10/7/2016 19:56,10/7/2016 20:00,1,1,1,1,,,,,,1,0,0,21.074,0,,,,,,,,,,2,2,,1,,1,1,,1,,1,,1,,,,100,9,2,34,2,,,,,1,,,Norm conforming,Object Questions,,Object_Rel|Object_cause,,,2|1,,,,
R_1LNiCYFEf9Tw22L,Default Response Set,Anonymous,,,,0,10/7/2016 19:56,10/7/2016 20:01,1,1,1,1,1,71.977,114.678,115.345,2,,,,,,,,,,,,,,,1,1,1,1,1,,1,,1,,1,,,1,1,1,51,7,2,24,2,,,,,1,,,Moral norm violation,Object Questions,,Object_cause|Object_Rel,,,1|2,,,,
R_3nNKYiU1f9HIiVR,Default Response Set,Anonymous,,,,0,10/7/2016 19:58,10/7/2016 20:02,1,1,1,1,1,0,0,39.697,0,,,,,,,,,,,2,1,,1,,,,,1,,1,,1,,1,,,1,1,1,88,4,2,24,2,,,,1,,,,Moral norm violation,Agent Questions,Agent_rel|Agent_cause,,,,,1|2,,,
R_33kUE6fZ5hbX1Y1,Default Response Set,Anonymous,,,,0,10/7/2016 20:00,10/7/2016 20:02,1,1,1,1,,,,,,,,,,,1,0,0,50.202,0,2,1,,1,,,,,,1,1,,1,1,1,,1,1,1,,50,7,1,32,2,,,,,1,,,Malfunction,Agent Questions,Agent_rel|Agent_cause,,,,,1|2,,,
R_3PAnJGBwQZF8xwG,Default Response Set,Anonymous,,,,0,10/7/2016 19:59,10/7/2016 20:02,1,1,1,1,,,,,,1,0,0,59.71,0,,,,,,,,,,2,2,1,1,1,,1,,1,,1,,1,1,1,1,100,9,2,27,2,,,,,1,,,Norm conforming,Object Questions,,Object_Rel|Object_cause,,,2|1,,,,
R_1XiZISB5DkMQHXX,Default Response Set,Anonymous,,,,0,10/7/2016 19:58,10/7/2016 20:03,1,1,1,1,1,0,0,148.637,0,,,,,,,,,,,,,,,1,1,1,1,1,,,1,1,,,1,,1,,1,54,10,2,29,2,,,,,1,,,Moral norm violation,Object Questions,,Object_cause|Object_Rel,,,2|1,,,,
R_2PkiaymVpKx2Mjv,Default Response Set,Anonymous,,,,0,10/7/2016 20:02,10/7/2016 20:06,1,1,1,1,,,,,,1,0,0,84.08,0,,,,,,1,1,1,1,,,,,1,,1,,1,,1,,1,1,1,1,74,10,2,42,2,,,,,1,,,Norm conforming,Agent Questions,Agent_cause|Agent_rel,,,,,2|1,,,
R_1Nhq9kx6myYLgC1,Default Response Set,Anonymous,,,,0,10/7/2016 20:04,10/7/2016 20:08,1,1,1,1,,,,,,,,,,,1,0,0,79.7,0,,,,,2,1,,1,,1,1,,1,1,1,,1,1,1,1,95,9,2,22,2,,,,,1,,,Malfunction,Object Questions,,Object_cause|Object_Rel,,,1|2,,,,
R_wT1INxT0XJnl3P3,Default Response Set,Anonymous,,,,0,10/7/2016 20:06,10/7/2016 20:11,1,1,1,1,1,1.178,1.178,95.628,1,,,,,,,,,,,2,2,1,,,,,,1,,1,,1,1,1,1,,1,1,1,94,7,1,49,2,,1,,,,,,Moral norm violation,Agent Questions,Agent_rel|Agent_cause,,,,,2|1,,,
R_putOPpjNsa3rGp3,Default Response Set,Anonymous,,,,0,10/7/2016 20:12,10/7/2016 20:15,1,1,1,1,,,,,,,,,,,1,0,0,68.798,0,2,2,1,1,,,,,1,1,1,,1,1,1,,1,1,1,1,100,10,1,64,2,,,,,1,,,Malfunction,Agent Questions,Agent_cause|Agent_rel,,,,,1|2,,,
R_28OgaYmgLZ1XRmh,Default Response Set,Anonymous,,,,0,10/7/2016 20:14,10/7/2016 20:18,1,1,1,1,,,,,,1,0,0,84.818,0,,,,,,,,,,2,2,,1,1,,1,,1,,1,,1,1,1,1,98,10,2,22,2,,,,,1,,,Norm conforming,Object Questions,,Object_Rel|Object_cause,,,2|1,,,,
R_3fdiSPndkOxIDu3,Default Response Set,Anonymous,,,,0,10/7/2016 20:16,10/7/2016 20:20,1,1,1,1,1,0,0,90.347,0,,,,,,,,,,,,,,,1,1,1,1,1,,1,,1,,1,,,1,,1,80,6,2,52,2,,,,,1,,,Moral norm violation,Object Questions,,Object_cause|Object_Rel,,,1|2,,,,
R_2siuh9ckXKQzPCF,Default Response Set,Anonymous,,,,0,10/7/2016 20:15,10/7/2016 20:21,1,1,1,1,,,,,,1,2.433,5.305,65.865,2,,,,,,2,2,1,,,,,,1,,1,,1,,1,,1,1,1,1,82,10,1,36,2,,,,,1,,,Norm conforming,Agent Questions,Agent_rel|Agent_cause,,,,,2|1,,,
R_1nMJxwRV9TrCvKS,Default Response Set,Anonymous,,,,0,10/7/2016 20:17,10/7/2016 20:21,1,1,1,1,,,,,,,,,,,1,0,0,65.879,0,,,,,2,1,,1,,1,1,,1,1,1,,1,1,1,1,50,7,1,23,1,,,,,,,1,Malfunction,Object Questions,,Object_cause|Object_Rel,,,1|2,,,,
R_29nYqb5NOrqpLnd,Default Response Set,Anonymous,,,,0,10/7/2016 20:18,10/7/2016 20:21,1,1,1,1,,,,,,1,0,0,75.884,0,,,,,,1,1,1,1,,,,,1,1,1,,1,,1,,1,1,1,1,70,10,2,22,2,,1,,,,,,Norm conforming,Agent Questions,Agent_rel|Agent_cause,,,,,1|2,,,
R_2YVvagPmC6DDc1j,Default Response Set,Anonymous,,,,0,10/7/2016 20:20,10/7/2016 20:24,1,1,1,1,,,,,,,,,,,1,0,0,68.572,0,1,2,1,,,,,,,1,1,,1,1,,,1,1,1,1,100,10,1,29,2,,,,,1,,,Malfunction,Agent Questions,Agent_cause|Agent_rel,,,,,1|2,,,
R_2waGkgoaun4kC2s,Default Response Set,Anonymous,,,,0,10/7/2016 20:23,10/7/2016 20:27,1,1,1,1,,,,,,1,0,0,65.002,0,,,,,,1,2,1,,,,,,1,,1,,1,,1,,1,1,1,1,100,10,2,25,2,,,,,1,,,Norm conforming,Agent Questions,Agent_cause|Agent_rel,,,,,2|1,,,
R_57m8ASFCT13UfND,Default Response Set,Anonymous,,,,0,10/7/2016 20:22,10/7/2016 20:27,1,1,1,1,,,,,,,,,,,1,0,0,80.714,0,,,,,1,1,1,1,,1,1,,1,1,1,,1,1,1,1,,10,1,51,2,,,,,1,,,Malfunction,Object Questions,,Object_Rel|Object_cause,,,2|1,,,,
R_30xhdA4YNOzUPEO,Default Response Set,Anonymous,,,,0,10/7/2016 20:24,10/7/2016 20:28,1,1,1,1,1,0,0,83.146,0,,,,,,,,,,,2,1,,1,,,,,1,,1,,1,,1,,,1,1,1,100,7,2,34,2,,,,,1,,,Moral norm violation,Agent Questions,Agent_cause|Agent_rel,,,,,1|2,,,
R_2sTRJjzeItNcr78,Default Response Set,Anonymous,,,,0,10/7/2016 20:22,10/7/2016 20:30,1,1,1,1,1,0,0,316.863,0,,,,,,,,,,,,,,,2,1,,1,1,,1,,1,,1,,,1,1,1,74,4,2,40,2,,,,,1,,,Moral norm violation,Object Questions,,Object_Rel|Object_cause,,,2|1,,,,
R_3JIb8libeW6w4O3,Default Response Set,Anonymous,,,,0,10/7/2016 20:28,10/7/2016 20:32,1,1,1,1,,,,,,,,,,,1,0,0,122.35,0,,,,,2,1,,1,1,,,1,1,1,1,,1,1,1,1,90,10,1,33,2,,,,,1,,,Malfunction,Object Questions,,Object_Rel|Object_cause,,,2|1,,,,
R_22YpKKNsUalNpLq,Default Response Set,Anonymous,,,,0,10/7/2016 20:31,10/7/2016 20:34,1,1,1,1,,,,,,,,,,,1,2.725,7.638,61.77,4,2,1,,1,,,,,,1,1,,1,1,1,,1,1,1,1,81,8,1,30,2,,,,,1,,,Malfunction,Agent Questions,Agent_rel|Agent_cause,,,,,2|1,,,
R_xgV8ApFrvqTEi3v,Default Response Set,Anonymous,,,,0,10/7/2016 20:36,10/7/2016 20:39,1,1,1,1,,,,,,1,0,0,72.41,0,,,,,,,,,,2,2,1,1,1,,1,,1,,1,,1,1,1,1,85,10,2,29,2,,,,,,,1,Norm conforming,Object Questions,,Object_cause|Object_Rel,,,1|2,,,,
R_299YxvtYnIxDpXu,Default Response Set,Anonymous,,,,0,10/7/2016 20:42,10/7/2016 20:44,1,1,1,1,1,13.027,28.321,29.234,15,,,,,,,,,,,,,,,1,2,1,,1,,,1,1,,1,,1,1,,1,95,9,1,27,2,,,,,,,1,Moral norm violation,Object Questions,,Object_cause|Object_Rel,,,2|1,,,,
R_STYthyPiANxZCjn,Default Response Set,Anonymous,,,,0,10/7/2016 20:47,10/7/2016 20:49,1,1,1,1,,,,,,1,0,0,26.778,0,,,,,,,,,,1,1,1,1,,1,1,,1,1,1,1,1,1,1,1,64,9,1,27,2,,,,,1,,,Norm conforming,Object Questions,,Object_cause|Object_Rel,,,1|2,,,,
R_3snL1L5FUflGT1p,Default Response Set,Anonymous,,,,0,10/7/2016 20:45,10/7/2016 20:51,1,1,1,1,,,,,,,,,,,1,0,0,94.432,0,2,2,,1,,,,,,1,1,,1,1,1,,,,1,,82,8,2,31,2,,,,,1,,,Malfunction,Agent Questions,Agent_rel|Agent_cause,,,,,2|1,,,
R_21bs3gsbf5eWWTa,Default Response Set,Anonymous,,,,0,10/7/2016 20:52,10/7/2016 20:54,1,1,1,1,,,,,,1,0,0,31.47,0,,,,,,2,1,,1,,,,,1,,,,1,,,1,1,,,1,52,7,2,24,2,,,,,1,,,Norm conforming,Agent Questions,Agent_cause|Agent_rel,,,,,2|1,,,
R_2rJkVA1UoWK4kBT,Default Response Set,Anonymous,,,,0,10/7/2016 20:57,10/7/2016 20:59,1,1,1,1,,,,,,,,,,,1,0,0,52.997,0,,,,,1,1,,1,,1,1,,1,1,1,,1,1,1,1,100,10,2,26,2,,1,,,,,,Malfunction,Object Questions,,Object_Rel|Object_cause,,,1|2,,,,
R_233wggMunw8C6Gc,Default Response Set,Anonymous,,,,0,10/7/2016 20:56,10/7/2016 21:00,1,1,1,1,,,,,,1,0,0,69.126,0,,,,,,2,2,1,1,,,,,1,,,,1,,1,,1,1,1,1,50,10,2,27,2,,,,,1,,,Norm conforming,Agent Questions,Agent_cause|Agent_rel,,,,,2|1,,,
R_1hGaKVfNTE3hVlz,Default Response Set,Anonymous,,,,0,10/7/2016 20:58,10/7/2016 21:01,1,1,1,1,1,0,0,47.24,0,,,,,,,,,,,,,,,1,1,,1,1,,,1,,1,,1,,1,,1,25,7,1,45,2,,,,,1,,,Moral norm violation,Object Questions,,Object_Rel|Object_cause,,,1|2,,,,
R_2YPn0Qgvn1EuXBN,Default Response Set,Anonymous,,,,0,10/7/2016 20:54,10/7/2016 21:01,1,1,1,1,1,6.374,31.143,31.804,3,,,,,,,,,,,1,2,,1,,,,,1,,1,,1,,1,,,1,1,1,95,9,1,24,2,,,,,1,,,Moral norm violation,Agent Questions,Agent_cause|Agent_rel,,,,,2|1,,,
R_1FquxgfSgv3KryG,Default Response Set,Anonymous,,,,0,10/7/2016 21:06,10/7/2016 21:08,1,1,1,1,,,,,,,,,,,1,0,0,32.712,0,,,,,2,1,,1,1,1,1,,1,,,,1,,,,0,9,1,28,2,,,,,1,,,Malfunction,Object Questions,,Object_Rel|Object_cause,,,2|1,,,,
R_2Sv5v67p2xWngZu,Default Response Set,Anonymous,,,,0,10/7/2016 21:06,10/7/2016 21:08,1,1,1,1,,,,,,1,0,0,47.004,0,,,,,,1,1,1,1,,,,,,1,1,,1,,1,,1,,1,,95,9,1,26,2,,,,,1,,,Norm conforming,Agent Questions,Agent_cause|Agent_rel,,,,,1|2,,,
R_WxJv16OqA37WKqd,Default Response Set,Anonymous,,,,0,10/7/2016 21:05,10/7/2016 21:10,1,1,1,1,,,,,,,,,,,1,0,0,146.139,0,,,,,1,2,,1,,1,1,,1,1,1,,1,1,1,1,100,10,2,26,2,,,,,1,,,Malfunction,Object Questions,,Object_cause|Object_Rel,,,2|1,,,,
R_3Jb15rj4HnvzBXZ,Default Response Set,Anonymous,,,,0,10/7/2016 21:07,10/7/2016 21:10,1,1,1,1,1,0,0,68.626,0,,,,,,,,,,,,,,,2,2,1,,1,,1,,1,,1,,,1,1,1,81,7,1,61,2,,,,,1,,,Moral norm violation,Object Questions,,Object_Rel|Object_cause,,,1|2,,,,
R_3PQUxh4eeI8NEkh,Default Response Set,Anonymous,,,,0,10/7/2016 21:08,10/7/2016 21:12,1,1,1,1,,,,,,1,0,0,73.184,0,,,,,,1,1,1,1,,,,,1,,1,,1,,1,,1,1,1,1,90,6,2,46,2,,,,,1,,,Norm conforming,Agent Questions,Agent_rel|Agent_cause,,,,,1|2,,,
R_DpHh3zZUKGxGMaB,Default Response Set,Anonymous,,,,0,10/7/2016 21:13,10/7/2016 21:15,1,1,1,1,,,,,,,,,,,1,0,0,48.102,0,2,2,,1,,,,,,1,1,,1,1,1,,1,1,1,1,50,10,1,45,2,,,,,1,,,Malfunction,Agent Questions,Agent_cause|Agent_rel,,,,,1|2,,,
R_0VWyJufJ5EUuz1T,Default Response Set,Anonymous,,,,0,10/7/2016 21:00,10/7/2016 21:17,1,1,1,1,,,,,,1,0,0,119.668,0,,,,,,,,,,1,1,1,1,1,,1,,1,,1,,1,1,1,1,80,6,2,32,2,,,,,1,,,Norm conforming,Object Questions,,Object_Rel|Object_cause,,,2|1,,,,
R_3EmBfZr8LTqoDBT,Default Response Set,Anonymous,,,,0,10/7/2016 21:12,10/7/2016 21:18,1,1,1,1,1,0,0,184.583,0,,,,,,,,,,,,,,,2,2,1,,1,,1,,1,,1,,,1,1,,100,9,2,24,2,,,,1,,,,Moral norm violation,Object Questions,,Object_Rel|Object_cause,,,1|2,,,,
R_1mCNln2NIRGD0Bq,Default Response Set,Anonymous,,,,0,10/11/2016 9:40,10/11/2016 9:42,1,1,1,1,,,,,,1,0,0,53.448,0,,,,,,,,,,1,1,1,1,1,,1,,1,,1,,1,1,1,1,71,7,2,,2,,,,,1,,,Norm conforming,Object Questions,,Object_Rel|Object_cause,,,2|1,,,,
R_2dHh4DwO3CZFCxF,Default Response Set,Anonymous,,,,0,10/11/2016 9:40,10/11/2016 9:43,1,1,1,1,1,0,0,1.385,0,,,,,,,,,,,1,1,1,,,,,,1,,1,,1,,1,,1,1,1,1,53,10,1,25,2,,,,,1,,,Moral norm violation,Agent Questions,Agent_rel|Agent_cause,,,,,1|2,,,
R_3eyLyoRsPYD9CDn,Default Response Set,Anonymous,,,,0,10/11/2016 9:40,10/11/2016 9:43,1,1,1,1,,,,,,1,0,0,41.843,0,,,,,,,,,,2,2,,1,1,,1,,1,,1,,1,1,1,1,98,10,2,42,2,,,,,1,,,Norm conforming,Object Questions,,Object_Rel|Object_cause,,,2|1,,,,
R_3hlTNddp5EoE4V6,Default Response Set,Anonymous,,,,0,10/11/2016 9:39,10/11/2016 9:44,1,1,1,1,,,,,,,,,,,1,0,0,57.971,0,1,1,1,1,,,,,1,,,1,1,1,1,,1,1,1,1,93,10,1,25,2,,,,,1,,,Malfunction,Agent Questions,Agent_cause|Agent_rel,,,,,1|2,,,
R_tKiL7vf3XLEhV8B,Default Response Set,Anonymous,,,,0,10/11/2016 9:41,10/11/2016 9:44,1,1,1,1,,,,,,,,,,,1,0,0,60.795,0,,,,,1,1,,1,,1,1,,1,1,1,,1,1,1,1,91,9,2,32,2,,,,,1,,,Malfunction,Object Questions,,Object_Rel|Object_cause,,,1|2,,,,
R_ymasETqp68nWie5,Default Response Set,Anonymous,,,,0,10/11/2016 9:40,10/11/2016 9:45,1,1,1,1,,,,,,,,,,,1,0,0,78.098,0,1,1,1,1,,,,,,1,1,,1,,1,1,1,1,1,1,95,5,1,36,1,,,,,1,,,Malfunction,Agent Questions,Agent_cause|Agent_rel,,,,,2|1,,,
R_33ECA11lNO32V6S,Default Response Set,Anonymous,,,,0,10/11/2016 9:40,10/11/2016 9:45,1,1,1,1,1,0,0,90.854,0,,,,,,,,,,,2,1,,1,,,,,1,,1,,1,,1,,,1,1,1,81,9,2,71,2,,,,,1,,,Moral norm violation,Agent Questions,Agent_cause|Agent_rel,,,,,2|1,,,
R_3OiAxvRNEjn8rZV,Default Response Set,Anonymous,,,,0,10/11/2016 9:39,10/11/2016 9:45,1,1,1,1,,,,,,,,,,,1,0,0,222.473,0,,,,,2,1,,1,1,1,1,,1,1,1,,1,1,1,,,8,1,24,2,1,,,,,,,Malfunction,Object Questions,,Object_cause|Object_Rel,,,2|1,,,,
R_2tu3QekC2LlV9Tk,Default Response Set,Anonymous,,,,0,10/11/2016 9:41,10/11/2016 9:45,1,1,1,1,1,2.531,54.296,55.019,3,,,,,,,,,,,,,,,1,1,,1,1,,1,,1,,1,,,1,1,1,70,5,2,35,2,,,,,1,,,Moral norm violation,Object Questions,,Object_cause|Object_Rel,,,1|2,,,,
R_SHMCOiWpySVJ4Zj,Default Response Set,Anonymous,,,,0,10/11/2016 9:41,10/11/2016 9:45,1,1,1,1,1,0,0,131.759,0,,,,,,,,,,,,,,,2,2,1,,1,,1,,1,,1,,,1,1,1,96,6,1,43,2,,,,,1,,,Moral norm violation,Object Questions,,Object_Rel|Object_cause,,,1|2,,,,
R_28McqW0GE3s9ndN,Default Response Set,Anonymous,,,,0,10/11/2016 9:40,10/11/2016 9:46,1,1,1,1,,,,,,,,,,,1,0,0,107.629,0,2,2,1,1,,,,,1,,,1,1,1,1,,1,1,1,1,5,10,2,44,2,,,,,1,,,Malfunction,Agent Questions,Agent_rel|Agent_cause,,,,,2|1,,,
R_YWVkRcyjEp3foIN,Default Response Set,Anonymous,,,,0,10/11/2016 9:44,10/11/2016 9:46,1,1,1,1,,,,,,,,,,,1,0,0,48.297,0,1,1,,1,,,,,,1,1,,1,1,1,,1,1,,,,9,1,27,2,,,,,1,,,Malfunction,Agent Questions,Agent_cause|Agent_rel,,,,,1|2,,,
R_1mL3TG4XK9xx7We,Default Response Set,Anonymous,,,,0,10/11/2016 9:42,10/11/2016 9:46,1,1,1,1,,,,,,1,1.954,7.793,64.261,3,,,,,,2,2,1,1,,,,,1,,1,,1,,1,,1,1,1,1,91,10,1,30,2,,1,,,,,,Norm conforming,Agent Questions,Agent_cause|Agent_rel,,,,,2|1,,,
R_3w0N2pg3tlN8cKd,Default Response Set,Anonymous,,,,0,10/11/2016 9:44,10/11/2016 9:47,1,1,1,1,,,,,,1,66.794,66.794,69.24,1,,,,,,,,,,1,1,1,,1,,,1,1,,1,,1,1,1,1,50,9,1,31,2,,,,,1,,,Norm conforming,Object Questions,,Object_Rel|Object_cause,,,1|2,,,,
R_27wksYU71MJInLU,Default Response Set,Anonymous,,,,0,10/11/2016 9:41,10/11/2016 9:48,1,1,1,1,,,,,,1,0,0,143.749,0,,,,,,2,2,1,1,,,,,1,,1,,1,,1,,1,1,1,1,94,10,2,54,2,,1,,,,,,Norm conforming,Agent Questions,Agent_rel|Agent_cause,,,,,1|2,,,
R_1dnw808qGlPzftS,Default Response Set,Anonymous,,,,0,10/11/2016 9:45,10/11/2016 9:48,1,1,1,1,1,0,0,60.723,0,,,,,,,,,,,1,1,,1,,,,,1,,1,,1,,1,,,1,1,1,70,8,1,26,2,,,,,1,,,Moral norm violation,Agent Questions,Agent_cause|Agent_rel,,,,,1|2,,,
R_1oAaAxG1L9aNAi2,Default Response Set,Anonymous,,,,0,10/11/2016 9:46,10/11/2016 9:49,1,1,1,1,,,,,,,,,,,1,0,0,48.489,0,2,2,1,,,,,,,1,1,,1,1,1,,1,1,1,1,85,10,2,35,2,,,,,1,,,Malfunction,Agent Questions,Agent_cause|Agent_rel,,,,,1|2,,,
R_2COpTehOReZHDf9,Default Response Set,Anonymous,,,,0,10/11/2016 9:45,10/11/2016 9:49,1,1,1,1,,,,,,,,,,,1,2.851,2.851,6.489,1,,,,,2,1,1,1,,1,1,,1,1,1,,1,1,,,100,10,2,23,2,,,,,1,,,Malfunction,Object Questions,,Object_Rel|Object_cause,,,2|1,,,,
R_1OB03HCjLVzpjR0,Default Response Set,Anonymous,,,,0,10/11/2016 9:45,10/11/2016 9:49,1,1,1,1,,,,,,,,,,,1,0,0,54.928,0,1,1,1,,,,,,,1,1,,1,1,1,,1,1,1,1,96,10,1,28,2,,,,,1,,,Malfunction,Agent Questions,Agent_rel|Agent_cause,,,,,2|1,,,
R_vc6tnQ3UctURrI5,Default Response Set,Anonymous,,,,0,10/11/2016 9:46,10/11/2016 9:50,1,1,1,1,1,0,0,102.259,0,,,,,,,,,,,1,1,,1,,,,,1,,1,,1,,1,,,1,1,1,96,5,1,33,2,,,,,1,,,Moral norm violation,Agent Questions,Agent_cause|Agent_rel,,,,,2|1,,,
R_2E0GR8jes0oIMte,Default Response Set,Anonymous,,,,0,10/11/2016 9:49,10/11/2016 9:52,1,1,1,1,1,0,0,78.34,0,,,,,,,,,,,2,1,,1,,,,,1,,1,,1,,1,,,1,1,1,60,5,2,49,2,,,,,1,,,Moral norm violation,Agent Questions,Agent_rel|Agent_cause,,,,,2|1,,,
R_3MrpjKcN9FZz0nz,Default Response Set,Anonymous,,,,0,10/11/2016 9:47,10/11/2016 9:52,1,1,1,1,,,,,,1,0,0,114.482,0,,,,,,,,,,2,2,,,,1,1,,1,,1,,1,1,1,1,100,7,1,34,1,,,,,1,1,,Norm conforming,Object Questions,,Object_Rel|Object_cause,,,2|1,,,,
R_3KQ2u2BcFCZG8bP,Default Response Set,Anonymous,,,,0,10/11/2016 9:45,10/11/2016 9:52,1,1,1,1,,,,,,1,4.969,12.518,81.342,3,,,,,,,,,,1,1,1,1,1,,1,,1,,1,,1,1,1,1,,10,1,50,2,,,,,1,,,Norm conforming,Object Questions,,Object_Rel|Object_cause,,,2|1,,,,
R_1EiJqE5TbXI87yb,Default Response Set,Anonymous,,,,0,10/11/2016 9:40,10/11/2016 9:52,1,1,1,1,1,0,0,58.38,0,,,,,,,,,,,,,,,1,1,1,,1,,1,,1,,1,,,1,1,1,80,6,1,37,2,,,,,1,,,Moral norm violation,Object Questions,,Object_Rel|Object_cause,,,2|1,,,,
R_1EfXEfXaLWhF3xL,Default Response Set,Anonymous,,,,0,10/11/2016 9:49,10/11/2016 9:52,1,1,1,1,,,,,,,,,,,1,0,0,67.954,0,,,,,2,1,,1,,1,1,,1,1,1,,1,1,1,1,100,10,1,27,2,,,,,1,,,Malfunction,Object Questions,,Object_cause|Object_Rel,,,1|2,,,,
R_2wbrrVWJOMapc2T,Default Response Set,Anonymous,,,,0,10/11/2016 9:50,10/11/2016 9:53,1,1,1,1,,,,,,1,0,0,46.951,0,,,,,,2,2,1,1,,,,,1,,1,,1,,1,,1,1,1,1,69,10,2,31,2,,,,,1,,,Norm conforming,Agent Questions,Agent_cause|Agent_rel,,,,,1|2,,,
R_2f1FrrKcrMt7JLj,Default Response Set,Anonymous,,,,0,10/11/2016 9:48,10/11/2016 9:53,1,1,1,1,,,,,,1,0,0,88.298,0,,,,,,1,1,,1,,,,,1,,1,,1,,1,,1,1,1,1,97,10,2,31,2,,,,,1,,,Norm conforming,Agent Questions,Agent_cause|Agent_rel,,,,,2|1,,,
R_12GbAU84TIJK5qS,Default Response Set,Anonymous,,,,0,10/11/2016 9:49,10/11/2016 9:53,1,1,1,1,,,,,,,,,,,1,0,0,157.788,0,2,2,,1,,,,,,1,1,,1,1,1,,1,1,1,1,89,10,1,29,2,,,,,1,,,Malfunction,Agent Questions,Agent_rel|Agent_cause,,,,,1|2,,,
R_1eM1pQVSKLum2Fd,Default Response Set,Anonymous,,,,0,10/11/2016 9:50,10/11/2016 9:53,1,1,1,1,1,0,0,84.181,0,,,,,,,,,,,,,,,2,2,1,,1,,1,,1,,1,,1,,1,,12,8,1,34,2,,,,1,,,,Moral norm violation,Object Questions,,Object_Rel|Object_cause,,,2|1,,,,
R_3Rx4FHlRLlSPCDf,Default Response Set,Anonymous,,,,0,10/11/2016 9:48,10/11/2016 9:54,1,1,1,1,,,,,,1,0,0,92.541,0,,,,,,,,,,2,2,,1,1,,1,,1,,1,,1,1,1,1,40,9,2,69,2,,,,,1,,,Norm conforming,Object Questions,,Object_cause|Object_Rel,,,1|2,,,,
R_2zH2SZk6OobyPXW,Default Response Set,Anonymous,,,,0,10/11/2016 9:43,10/11/2016 9:54,1,1,1,1,,,,,,,,,,,1,169.55,169.55,331.616,1,,,,,1,1,,1,,1,1,,1,1,1,,1,1,1,1,100,9,2,72,2,,,,,1,,,Malfunction,Object Questions,,Object_Rel|Object_cause,,,2|1,,,,
R_29gJRFUxVVINg3q,Default Response Set,Anonymous,,,,0,10/11/2016 9:51,10/11/2016 9:54,1,1,1,1,1,10.512,10.512,58.239,1,,,,,,,,,,,2,1,,1,,,,,1,,1,,1,,1,,,1,1,1,80,5,2,44,2,,,,,1,,,Moral norm violation,Agent Questions,Agent_rel|Agent_cause,,,,,1|2,,,
R_2CKaM4HCypmxmN6,Default Response Set,Anonymous,,,,0,10/11/2016 9:52,10/11/2016 9:55,1,1,1,1,,,,,,,,,,,1,0,0,41.428,0,,,,,1,1,,1,1,1,1,,1,,1,,1,,,1,35,7,1,42,2,,1,,,,,,Malfunction,Object Questions,,Object_Rel|Object_cause,,,2|1,,,,
R_1d6rk5vYjaHagkC,Default Response Set,Anonymous,,,,0,10/11/2016 9:51,10/11/2016 9:56,1,1,1,1,1,0,0,79.494,0,,,,,,,,,,,,,,,2,2,1,1,1,,1,,1,,1,,,1,,1,78,7,1,43,2,,,,,1,,,Moral norm violation,Object Questions,,Object_cause|Object_Rel,,,2|1,,,,
R_2xMool3zUsIyuwl,Default Response Set,Anonymous,,,,0,10/11/2016 9:54,10/11/2016 9:56,1,1,1,1,,,,,,,,,,,1,0,0,38.76,0,,,,,1,1,,1,1,1,1,,1,1,1,,1,1,1,1,100,10,2,24,,,,,,,,,Malfunction,Object Questions,,Object_cause|Object_Rel,,,1|2,,,,
R_1K110EEqZJUf8Kh,Default Response Set,Anonymous,,,,0,10/11/2016 9:55,10/11/2016 9:58,1,1,1,1,,,,,,1,0,0,52.249,0,,,,,,1,1,1,,,,,,,1,1,,1,,1,,1,1,1,,50,8,1,31,2,,,,,1,,,Norm conforming,Agent Questions,Agent_cause|Agent_rel,,,,,1|2,,,
R_vklIjic8HS94VZT,Default Response Set,Anonymous,,,,0,10/11/2016 9:54,10/11/2016 9:58,1,1,1,1,1,9.202,13.973,71.771,3,,,,,,,,,,,2,1,,1,,,,,1,,1,,1,,1,,,1,1,1,100,6,2,30,2,,,,,1,,,Moral norm violation,Agent Questions,Agent_rel|Agent_cause,,,,,2|1,,,
R_2rMcAtyYLuQogia,Default Response Set,Anonymous,,,,0,10/11/2016 9:56,10/11/2016 9:59,1,1,1,1,,,,,,,,,,,1,0,0,50.559,0,,,,,2,1,,1,,1,1,,1,1,1,,1,1,1,1,80,10,2,32,2,,,,,1,,,Malfunction,Object Questions,,Object_Rel|Object_cause,,,2|1,,,,
R_3PAgwfpRbNx6igM,Default Response Set,Anonymous,,,,0,10/11/2016 9:55,10/11/2016 10:00,1,1,1,1,,,,,,,,,,,1,76.337,76.337,76.654,1,,,,,2,1,,1,1,1,1,,1,1,1,,1,1,1,1,100,10,1,21,2,,,,,1,,,Malfunction,Object Questions,,Object_Rel|Object_cause,,,2|1,,,,
R_pFzMtuBc2d7EFrj,Default Response Set,Anonymous,,,,0,10/11/2016 9:59,10/11/2016 10:01,1,1,1,1,,,,,,,,,,,1,10.314,57.347,57.918,14,1,1,,1,,,,,,1,1,,1,1,1,,1,1,1,1,81,10,1,35,2,,,,,1,,,Malfunction,Agent Questions,Agent_cause|Agent_rel,,,,,2|1,,,
R_1NEOvesAPLpO0Mh,Default Response Set,Anonymous,,,,0,10/11/2016 9:58,10/11/2016 10:01,1,1,1,1,,,,,,,,,,,1,0,0,54.324,0,,,,,2,1,,1,,1,1,,1,1,1,,1,1,1,1,95,9,2,32,2,,1,,,,,,Malfunction,Object Questions,,Object_Rel|Object_cause,,,1|2,,,,
R_eP8uDVm0K7I0NWx,Default Response Set,Anonymous,,,,0,10/11/2016 9:56,10/11/2016 10:02,1,1,1,1,1,115.519,117.669,135.405,4,,,,,,,,,,,2,1,,1,,,,,,1,,1,1,1,1,1,,1,1,1,,6,2,47,2,,,,,1,,,Moral norm violation,Agent Questions,Agent_rel|Agent_cause,,,,,2|1,,,
R_3Pv3zRe5VXGs12H,Default Response Set,Anonymous,,,,0,10/11/2016 9:58,10/11/2016 10:02,1,1,1,1,1,74.1,75.108,88.257,2,,,,,,,,,,,1,1,,1,,,,,1,,1,,1,,1,,,1,1,1,75,6,1,33,2,,,,,1,,,Moral norm violation,Agent Questions,Agent_cause|Agent_rel,,,,,1|2,,,
R_2bPKOBVaapiumFD,Default Response Set,Anonymous,,,,0,10/11/2016 10:01,10/11/2016 10:03,1,1,1,1,,,,,,,,,,,1,0,0,57.876,0,,,,,2,1,,1,,1,1,,1,1,1,,1,,1,,100,10,1,19,2,,,,,1,,,Malfunction,Object Questions,,Object_cause|Object_Rel,,,2|1,,,,
R_2VJGx5NPsWOOSTI,Default Response Set,Anonymous,,,,0,10/11/2016 9:57,10/11/2016 10:03,1,1,1,1,,,,,,1,0,0,99.117,0,,,,,,,,,,1,1,1,,1,,1,,1,,1,,1,,1,,70,9,2,45,2,,,,,1,,,Norm conforming,Object Questions,,Object_Rel|Object_cause,,,2|1,,,,
R_YQQGt5VJSaHYcmZ,Default Response Set,Anonymous,,,,0,10/11/2016 9:59,10/11/2016 10:04,1,1,1,1,1,0,0,97.383,0,,,,,,,,,,,,,,,2,2,1,,1,,1,1,1,,1,,,1,1,1,,5,1,54,1,,1,,,,,,Moral norm violation,Object Questions,,Object_cause|Object_Rel,,,1|2,,,,
R_uk5JylUVZZF5VAJ,Default Response Set,Anonymous,,,,0,10/11/2016 10:00,10/11/2016 10:04,1,1,1,1,1,5.675,5.675,9.261,1,,,,,,,,,,,1,1,,1,,,,,1,1,1,,1,,1,,,1,1,,55,5,1,20,2,,,,1,,,,Moral norm violation,Agent Questions,Agent_rel|Agent_cause,,,,,1|2,,,
R_1IHm34qqETMncYe,Default Response Set,Anonymous,,,,0,10/11/2016 10:02,10/11/2016 10:06,1,1,1,1,1,61.678,61.678,134.756,1,,,,,,,,,,,1,1,,1,,,,,1,,1,,1,,1,,,1,1,1,70,6,1,26,2,,,,,1,,,Moral norm violation,Agent Questions,Agent_cause|Agent_rel,,,,,1|2,,,
R_3dWmkcAEFekmRHq,Default Response Set,Anonymous,,,,0,10/11/2016 10:02,10/11/2016 10:06,1,1,1,1,,,,,,1,1.173,16.797,66.254,2,,,,,,,,,,1,1,1,1,1,,1,,1,,1,,1,1,,,72,10,2,52,2,,,,,1,,,Norm conforming,Object Questions,,Object_cause|Object_Rel,,,2|1,,,,
R_3j3tyc7Of6QBSec,Default Response Set,Anonymous,,,,0,10/11/2016 10:00,10/11/2016 10:07,1,1,1,1,,,,,,1,0,0,247.851,0,,,,,,1,1,1,,,,,,1,,1,,1,,1,,1,1,1,1,90,10,2,43,2,,,,,1,,,Norm conforming,Agent Questions,Agent_cause|Agent_rel,,,,,2|1,,,
R_2AWL6a5qD5n0PFC,Default Response Set,Anonymous,,,,0,10/11/2016 10:05,10/11/2016 10:07,1,1,1,1,,,,,,,,,,,1,0,0,35.406,0,,,,,2,1,,1,1,1,1,,,1,1,,1,1,1,1,100,9,1,33,2,,,,1,,,,Malfunction,Object Questions,,Object_cause|Object_Rel,,,1|2,,,,
R_2y9EZhmfidpZBYY,Default Response Set,Anonymous,,,,0,10/11/2016 10:04,10/11/2016 10:08,1,1,1,1,1,0,0,60.132,0,,,,,,,,,,,2,1,,1,,,,,1,,1,,1,,1,,,1,1,1,100,7,2,37,2,,,,,1,,,Moral norm violation,Agent Questions,Agent_rel|Agent_cause,,,,,2|1,,,
R_33pQmBEz5Vm9RWa,Default Response Set,Anonymous,,,,0,10/11/2016 10:02,10/11/2016 10:08,1,1,1,1,,,,,,,,,,,1,0,0,81.196,0,2,2,,1,,,,,,1,1,,1,1,1,,1,1,1,1,100,8,2,56,2,,,,,1,,,Malfunction,Agent Questions,Agent_rel|Agent_cause,,,,,2|1,,,
R_32URO6Ry0V8dpNu,Default Response Set,Anonymous,,,,0,10/11/2016 10:04,10/11/2016 10:08,1,1,1,1,,,,,,1,0,0,55.28,0,,,,,,,,,,1,1,1,1,1,,1,,1,,,,1,1,1,1,80,7,2,28,2,,,,,1,,,Norm conforming,Object Questions,,Object_Rel|Object_cause,,,1|2,,,,
R_2CJQ1J1ZhjP3g0r,Default Response Set,Anonymous,,,,0,10/11/2016 10:07,10/11/2016 10:11,1,1,1,1,1,0,0,28.239,0,,,,,,,,,,,,,,,2,2,1,,,1,1,,1,,1,,,1,1,,66,10,2,29,1,,,,,,,1,Moral norm violation,Object Questions,,Object_Rel|Object_cause,,,2|1,,,,
R_3O6PFsGeE060prD,Default Response Set,Anonymous,,,,0,10/11/2016 10:02,10/11/2016 10:11,1,1,1,1,,,,,,,,,,,1,0,0,121.056,0,,,,,2,1,,1,,1,1,,1,1,1,,,,,,60,5,1,29,,,,,,,,,Malfunction,Object Questions,,Object_cause|Object_Rel,,,1|2,,,,
R_1LAMA6F9OZxRWU7,Default Response Set,Anonymous,,,,0,10/11/2016 10:11,10/11/2016 10:12,1,1,1,1,,,,,,1,0,0,7.59,0,,,,,,1,1,,1,,,,,1,,,1,,1,1,,1,,,1,30,7,2,25,2,,,,,1,,,Norm conforming,Agent Questions,Agent_cause|Agent_rel,,,,,1|2,,,
R_1Kqet4GbduXatfI,Default Response Set,Anonymous,,,,0,10/11/2016 10:08,10/11/2016 10:13,1,1,1,1,,,,,,1,0,0,134.507,0,,,,,,,,,,1,1,,,1,,1,,1,,1,,1,1,1,1,50,10,2,52,1,,,,,1,,,Norm conforming,Object Questions,,Object_Rel|Object_cause,,,1|2,,,,
R_3JIyMelfPjHsLWh,Default Response Set,Anonymous,,,,0,10/11/2016 10:08,10/11/2016 10:13,1,1,1,1,,,,,,,,,,,1,0,0,87.081,0,1,2,,1,,,,,,1,1,,,1,1,,1,1,1,1,81,10,2,34,2,,,,1,,,,Malfunction,Agent Questions,Agent_cause|Agent_rel,,,,,1|2,,,
R_2c6o0n5BhQ2NsI4,Default Response Set,Anonymous,,,,0,10/11/2016 10:10,10/11/2016 10:13,1,1,1,1,,,,,,,,,,,1,0,0,57.37,0,,,,,1,1,,1,,1,1,,1,1,1,,1,1,1,1,89,9,2,29,2,,,,,1,,,Malfunction,Object Questions,,Object_Rel|Object_cause,,,1|2,,,,
R_3G0rFuv8iIgN8E7,Default Response Set,Anonymous,,,,0,10/11/2016 10:10,10/11/2016 10:14,1,1,1,1,1,0,0,1.122,0,,,,,,,,,,,1,1,1,,,,,,1,,,1,1,,,1,,1,1,1,59,6,1,30,2,,,,,1,,,Moral norm violation,Agent Questions,Agent_rel|Agent_cause,,,,,1|2,,,
R_TkpmlW4r8d7bIYx,Default Response Set,Anonymous,,,,0,10/11/2016 10:11,10/11/2016 10:14,1,1,1,1,1,0,0,72.674,0,,,,,,,,,,,1,1,,1,,,,,1,,1,,1,,1,,,1,1,1,100,10,1,39,2,,,,,1,,,Moral norm violation,Agent Questions,Agent_rel|Agent_cause,,,,,2|1,,,
R_8G7xpZFz9MIMcO5,Default Response Set,Anonymous,,,,0,10/11/2016 9:56,10/11/2016 10:15,1,1,1,1,,,,,,1,578.676,581.268,582.086,2,,,,,,,,,,1,1,,1,1,,1,,1,,1,,1,1,1,1,97,9,2,33,1,1,,,1,1,1,,Norm conforming,Object Questions,,Object_cause|Object_Rel,,,1|2,,,,
R_8qymd9BENKGTov7,Default Response Set,Anonymous,,,,0,10/11/2016 10:13,10/11/2016 10:16,1,1,1,1,,,,,,1,0,0,50.141,0,,,,,,1,1,1,1,,,,,1,,1,,1,,1,,1,1,1,1,,10,1,45,2,,,,,1,,,Norm conforming,Agent Questions,Agent_rel|Agent_cause,,,,,1|2,,,
R_sAIcrnO7WsCTFap,Default Response Set,Anonymous,,,,0,10/11/2016 10:14,10/11/2016 10:17,1,1,1,1,,,,,,,,,,,1,0,0,49.907,0,,,,,2,1,,1,,1,1,,1,,,,1,,1,,100,9,2,49,2,,,,,1,,,Malfunction,Object Questions,,Object_cause|Object_Rel,,,2|1,,,,
R_1pyXBJLFYAeZu3S,Default Response Set,Anonymous,,,,0,10/11/2016 10:15,10/11/2016 10:18,1,1,1,1,1,0,0,77.248,0,,,,,,,,,,,,,,,2,1,,1,1,,1,,1,,1,,,1,1,1,80,5,1,32,2,,,,,1,,,Moral norm violation,Object Questions,,Object_cause|Object_Rel,,,2|1,,,,
R_1ib1yDWRBcDv90V,Default Response Set,Anonymous,,,,0,10/11/2016 10:14,10/11/2016 10:20,1,1,1,1,1,123.923,124.357,127.148,2,,,,,,,,,,,1,1,1,,,,,,1,,1,,1,,1,,,1,1,1,0,5,1,37,2,,,,,1,,,Moral norm violation,Agent Questions,Agent_rel|Agent_cause,,,,,1|2,,,
R_2zAwBnORONYDaP2,Default Response Set,Anonymous,,,,0,10/11/2016 10:17,10/11/2016 10:20,1,1,1,1,,,,,,,,,,,1,57.601,57.601,65.608,1,,,,,2,1,,1,,1,1,,1,1,1,,1,1,1,1,100,10,2,26,2,,,,,1,,,Malfunction,Object Questions,,Object_Rel|Object_cause,,,2|1,,,,
R_3GvQcFMJ9gzazs9,Default Response Set,Anonymous,,,,0,10/11/2016 10:18,10/11/2016 10:21,1,1,1,1,,,,,,1,0,0,46.173,0,,,,,,1,1,1,1,,,,,1,,1,,1,,1,,1,1,1,1,96,8,2,33,2,,,,,1,,,Norm conforming,Agent Questions,Agent_rel|Agent_cause,,,,,2|1,,,
R_QnWtRIYx57jFjKp,Default Response Set,Anonymous,,,,0,10/11/2016 10:21,10/11/2016 10:23,1,1,1,1,,,,,,,,,,,1,0,0,33.267,0,2,1,,1,,,,,1,,,1,1,,,1,1,,,1,66,6,1,27,2,,,,,1,,,Malfunction,Agent Questions,Agent_rel|Agent_cause,,,,,2|1,,,
R_1laUZPXGSZBypGz,Default Response Set,Anonymous,,,,0,10/11/2016 10:22,10/11/2016 10:24,1,1,1,1,,,,,,1,0,0,42.474,0,,,,,,,,,,1,1,1,1,1,,1,,1,,,,1,1,1,1,43,9,2,,,,,,,,,,Norm conforming,Object Questions,,Object_Rel|Object_cause,,,1|2,,,,
R_2fEfmU5as70D3GD,Default Response Set,Anonymous,,,,0,10/11/2016 10:24,10/11/2016 10:26,1,1,1,1,,,,,,1,4.908,63.764,64.704,57,,,,,,,,,,1,1,,1,,1,1,,1,,1,,1,,1,,,8,1,38,2,,,,,1,,,Norm conforming,Object Questions,,Object_Rel|Object_cause,,,2|1,,,,
R_3e8qRT3W2fS9RKb,Default Response Set,Anonymous,,,,0,10/11/2016 10:23,10/11/2016 10:26,1,1,1,1,,,,,,,,,,,1,0,0,75.484,0,1,2,,1,,,,,,1,1,,1,1,1,,1,,1,,80,7,2,35,2,,,,,1,,,Malfunction,Agent Questions,Agent_rel|Agent_cause,,,,,2|1,,,
R_2cclA7bTLa4mmuI,Default Response Set,Anonymous,,,,0,10/11/2016 10:21,10/11/2016 10:27,1,1,1,1,1,79.726,81.406,134.539,4,,,,,,,,,,,,,,,1,2,1,,1,,1,,1,,1,,,1,1,1,82,5,2,26,2,,1,,,,,,Moral norm violation,Object Questions,,Object_Rel|Object_cause,,,2|1,,,,
R_yDss00v0tdC2EUN,Default Response Set,Anonymous,,,,0,10/11/2016 10:23,10/11/2016 10:28,1,1,1,1,1,0,0,99.167,0,,,,,,,,,,,2,1,1,1,,,,,1,,1,,1,,1,,,1,,1,79,6,1,30,2,,,,,,,,Moral norm violation,Agent Questions,Agent_rel|Agent_cause,,,,,1|2,,,
R_1g5EbjyuOgHPLze,Default Response Set,Anonymous,,,,0,10/11/2016 10:26,10/11/2016 10:29,1,1,1,1,,,,,,,,,,,1,0,0,54.918,0,,,,,1,1,,,1,1,1,,1,1,1,,1,1,1,1,100,10,1,38,1,,,,,1,,,Malfunction,Object Questions,,Object_Rel|Object_cause,,,1|2,,,,
R_2qDXU5snPoytb3P,Default Response Set,Anonymous,,,,0,10/11/2016 10:26,10/11/2016 10:29,1,1,1,1,1,0,0,63.273,0,,,,,,,,,,,1,2,1,1,,,,,1,,1,,1,,1,,,1,1,1,33,7,1,42,2,,,,,1,,,Moral norm violation,Agent Questions,Agent_rel|Agent_cause,,,,,1|2,,,
R_3EoJfqR7Mz731aS,Default Response Set,Anonymous,,,,0,10/11/2016 10:28,10/11/2016 10:31,1,1,1,1,,,,,,1,0,0,53.201,0,,,,,,1,1,1,1,,,,,1,,1,,1,,1,,1,1,1,1,90,9,2,23,2,,1,,,,,,Norm conforming,Agent Questions,Agent_cause|Agent_rel,,,,,1|2,,,
R_2D1eQfv3Te0LDeT,Default Response Set,Anonymous,,,,0,10/11/2016 10:30,10/11/2016 10:32,1,1,1,1,,,,,,1,0.794,1.201,41.97,3,,,,,,,,,,1,1,1,,1,,,1,,1,1,,1,1,1,1,77,7,1,24,2,,,,,1,,,Norm conforming,Object Questions,,Object_cause|Object_Rel,,,1|2,,,,
R_21udSgly8xIsYYw,Default Response Set,Anonymous,,,,0,10/11/2016 10:28,10/11/2016 10:32,1,1,1,1,1,0,0,109.861,0,,,,,,,,,,,2,1,,1,,,,,1,,1,,1,,1,,,1,1,1,100,4,2,32,2,,,,,1,,,Moral norm violation,Agent Questions,Agent_rel|Agent_cause,,,,,2|1,,,
R_3PMOdK3NZmoAHY6,Default Response Set,Anonymous,,,,0,10/11/2016 10:32,10/11/2016 10:34,1,1,1,1,,,,,,1,0,0,40.533,0,,,,,,,,,,1,1,1,1,1,,1,,1,,1,,1,1,,,90,10,2,24,1,,,,,,,,Norm conforming,Object Questions,,Object_cause|Object_Rel,,,1|2,,,,
R_cwpw2LJQWB0shFv,Default Response Set,Anonymous,,,,0,10/11/2016 10:31,10/11/2016 10:34,1,1,1,1,1,0,0,65.544,0,,,,,,,,,,,,,,,2,2,,1,1,,1,,1,,1,,,1,1,1,100,5,2,34,2,,,,,1,,,Moral norm violation,Object Questions,,Object_Rel|Object_cause,,,1|2,,,,
R_R4bc2QCUla1smMF,Default Response Set,Anonymous,,,,0,10/11/2016 10:32,10/11/2016 10:36,1,1,1,1,,,,,,1,0,0,75.196,0,,,,,,2,1,,1,,,,,1,,1,,1,,1,,,,1,1,90,6,2,74,2,,,,,1,,,Norm conforming,Agent Questions,Agent_cause|Agent_rel,,,,,1|2,,,
R_Zt5E8G9L54MLFbX,Default Response Set,Anonymous,,,,0,10/11/2016 10:32,10/11/2016 10:36,1,1,1,1,,,,,,,,,,,1,1.775,6.086,73.072,3,2,1,,1,,,,,1,1,1,,1,1,1,,1,1,1,1,90,10,1,31,2,,,,,1,,,Malfunction,Agent Questions,Agent_rel|Agent_cause,,,,,1|2,,,
R_XzapsMHUfM7RfLH,Default Response Set,Anonymous,,,,0,10/11/2016 10:34,10/11/2016 10:36,1,1,1,1,,,,,,1,0,0,28.706,0,,,,,,1,2,1,,,,,,1,,1,,1,,1,,1,,1,,45,7,2,34,2,,,,,1,,,Norm conforming,Agent Questions,Agent_cause|Agent_rel,,,,,1|2,,,
R_6GzjTMNyOiKilTr,Default Response Set,Anonymous,,,,0,10/11/2016 10:33,10/11/2016 10:36,1,1,1,1,,,,,,,,,,,1,1.258,2.899,11.922,4,,,,,1,1,,1,,1,1,,,1,1,,1,1,1,1,80,10,1,28,2,,,,,1,,,Malfunction,Object Questions,,Object_cause|Object_Rel,,,2|1,,,,
R_3OGzD4g5CFmHQvn,Default Response Set,Anonymous,,,,0,10/11/2016 10:34,10/11/2016 10:38,1,1,1,1,1,0,0,69.966,0,,,,,,,,,,,,,,,1,1,1,1,1,,1,,1,,1,,,1,,,90,6,2,42,2,,,,,1,,,Moral norm violation,Object Questions,,Object_Rel|Object_cause,,,1|2,,,,
R_2aLlltVgfaIgGuv,Default Response Set,Anonymous,,,,0,10/11/2016 10:35,10/11/2016 10:38,1,1,1,1,,,,,,,,,,,1,0,0,79.275,0,,,,,2,1,,1,,1,1,,1,1,1,,1,1,1,1,99,10,2,41,2,,,,,1,,,Malfunction,Object Questions,,Object_Rel|Object_cause,,,2|1,,,,
R_3IRzNgKy3EQXPaW,Default Response Set,Anonymous,,,,0,10/11/2016 10:37,10/11/2016 10:40,1,1,1,1,,,,,,1,1.66,5.091,5.866,2,,,,,,,,,,2,2,,,1,,1,,1,,1,,1,1,1,1,76,7,1,29,2,,,,,1,,,Norm conforming,Object Questions,,Object_cause|Object_Rel,,,2|1,,,,
R_1hBenZslvRdYXU9,Default Response Set,Anonymous,,,,0,10/11/2016 10:36,10/11/2016 10:40,1,1,1,1,,,,,,,,,,,1,0,0,73.042,0,1,2,1,,,,,,1,1,1,,1,1,,1,1,1,1,1,100,9,1,26,2,,1,,,,,,Malfunction,Agent Questions,Agent_rel|Agent_cause,,,,,1|2,,,
R_QlH4xWTZ9KQIjtv,Default Response Set,Anonymous,,,,0,10/11/2016 10:36,10/11/2016 10:41,1,1,1,1,1,0,0,97.542,0,,,,,,,,,,,,,,,1,1,1,,1,,,1,,,1,1,,1,1,1,50,8,2,47,2,,,,,1,,,Moral norm violation,Object Questions,,Object_Rel|Object_cause,,,1|2,,,,
R_3GezpNWdzSRwLxN,Default Response Set,Anonymous,,,,0,10/11/2016 10:38,10/11/2016 10:41,1,1,1,1,,,,,,,,,,,1,0,0,45.55,0,,,,,1,1,,1,,1,1,,1,1,1,,1,1,1,1,70,10,1,26,2,,,,,1,,,Malfunction,Object Questions,,Object_Rel|Object_cause,,,2|1,,,,
R_3Hkb7VFVj0cGWrJ,Default Response Set,Anonymous,,,,0,10/11/2016 10:39,10/11/2016 10:41,1,1,1,1,,,,,,,,,,,1,0,0,75.897,0,2,1,1,1,,,,,,1,1,,1,1,1,,1,1,1,1,90,9,2,26,2,,,,,1,,,Malfunction,Agent Questions,Agent_rel|Agent_cause,,,,,2|1,,,
R_2YfBpjLr300SHlD,Default Response Set,Anonymous,,,,0,10/11/2016 10:41,10/11/2016 10:43,1,1,1,1,,,,,,1,0,0,45.987,0,,,,,,1,2,1,,,,,,1,,1,,1,,1,,1,1,1,1,91,10,2,44,2,,,,,1,,,Norm conforming,Agent Questions,Agent_rel|Agent_cause,,,,,2|1,,,
R_2TzAKzOiSneRptd,Default Response Set,Anonymous,,,,0,10/11/2016 10:34,10/11/2016 10:43,1,1,1,1,1,0,0,135.825,0,,,,,,,,,,,2,1,,1,,,,,1,,1,,1,,1,,,1,1,1,69,8,2,42,2,,,,,1,,,Moral norm violation,Agent Questions,Agent_cause|Agent_rel,,,,,1|2,,,
R_1M49VtrcAWMMVSp,Default Response Set,Anonymous,,,,0,10/11/2016 10:41,10/11/2016 10:44,1,1,1,1,,,,,,,,,,,1,0,0,56.249,0,,,,,1,1,,1,,1,1,,1,,1,,1,1,1,1,100,10,2,45,1,,,,,,,1,Malfunction,Object Questions,,Object_cause|Object_Rel,,,1|2,,,,
R_1mqqHU7K4EZt8kR,Default Response Set,Anonymous,,,,0,10/11/2016 10:42,10/11/2016 10:44,1,1,1,1,,,,,,1,0,0,36.008,0,,,,,,2,1,,1,,,,,,1,1,,1,,1,,1,,1,,50,10,2,26,2,,,,,1,,,Norm conforming,Agent Questions,Agent_cause|Agent_rel,,,,,2|1,,,
R_D1tKQ2zyErt5Q53,Default Response Set,Anonymous,,,,0,10/11/2016 10:40,10/11/2016 10:44,1,1,1,1,1,0,0,76.312,0,,,,,,,,,,,,,,,1,1,1,1,1,,1,,1,,1,,,1,1,1,,4,1,61,2,,,,,1,,,Moral norm violation,Object Questions,,Object_Rel|Object_cause,,,1|2,,,,
R_3EfCg3FgEG1aP63,Default Response Set,Anonymous,,,,0,10/11/2016 10:38,10/11/2016 10:45,1,1,1,1,,,,,,,,,,,1,0,0,110.079,0,1,1,1,,,,,,,1,1,,1,1,,1,1,1,1,1,100,10,2,21,2,,,,1,,,,Malfunction,Agent Questions,Agent_rel|Agent_cause,,,,,2|1,,,
R_1F2FnXdLYXaOlVT,Default Response Set,Anonymous,,,,0,10/11/2016 10:43,10/11/2016 10:45,1,1,1,1,1,54.776,55.26,57.515,2,,,,,,,,,,,,,,,2,1,,1,1,,1,,1,,1,,,1,1,1,80,5,2,25,2,,,,,1,,,Moral norm violation,Object Questions,,Object_Rel|Object_cause,,,2|1,,,,
R_2v6bJ8kjXKriWdS,Default Response Set,Anonymous,,,,0,10/11/2016 10:44,10/11/2016 10:48,1,1,1,1,,,,,,1,0,0,76.51,0,,,,,,,,,,2,2,,,1,,1,,1,,1,,1,1,1,1,80,10,2,30,1,,,,,1,,,Norm conforming,Object Questions,,Object_Rel|Object_cause,,,1|2,,,,
R_XHYkY75zAsCy6J3,Default Response Set,Anonymous,,,,0,10/11/2016 10:45,10/11/2016 10:49,1,1,1,1,,,,,,,,,,,1,0,0,74.813,0,,,,,2,1,,1,,1,1,,1,1,1,,1,1,1,1,82,10,2,51,2,,,,,1,,,Malfunction,Object Questions,,Object_Rel|Object_cause,,,1|2,,,,
R_b2UG69u69U5dKCZ,Default Response Set,Anonymous,,,,0,10/11/2016 10:47,10/11/2016 10:50,1,1,1,1,1,0,0,44.618,0,,,,,,,,,,,1,1,1,1,,,,,1,,1,,1,,1,,,1,1,1,52,6,2,20,2,,,,1,,,,Moral norm violation,Agent Questions,Agent_cause|Agent_rel,,,,,2|1,,,
R_247LaG2YSm8YJWN,Default Response Set,Anonymous,,,,0,10/11/2016 10:47,10/11/2016 10:50,1,1,1,1,,,,,,,,,,,1,0,0,41.055,0,,,,,2,1,,1,,1,1,,1,1,1,,1,1,1,1,80,10,2,23,2,1,,,,,,,Malfunction,Object Questions,,Object_Rel|Object_cause,,,2|1,,,,
R_26lSfB4mZNmQzGz,Default Response Set,Anonymous,,,,0,10/11/2016 10:47,10/11/2016 10:50,1,1,1,1,,,,,,1,0,0,63.42,0,,,,,,2,2,1,1,,,,,1,,1,,1,,1,,1,1,1,1,100,10,2,29,2,,,,,1,,,Norm conforming,Agent Questions,Agent_cause|Agent_rel,,,,,1|2,,,
R_VXcbTxVTgpIS7rX,Default Response Set,Anonymous,,,,0,10/11/2016 10:51,10/11/2016 10:52,1,1,1,1,,,,,,,,,,,1,0,0,6.319,0,,,,,1,2,1,,,1,1,,,1,1,,,1,1,,68,4,1,26,2,,1,1,,,,,Malfunction,Object Questions,,Object_cause|Object_Rel,,,2|1,,,,
R_3iwLKXYEt1BECmP,Default Response Set,Anonymous,,,,0,10/11/2016 10:49,10/11/2016 10:53,1,1,1,1,1,0,0,119.627,0,,,,,,,,,,,,,,,2,1,,1,1,,1,,1,,1,,,1,1,1,91,6,2,40,2,,,,,1,,,Moral norm violation,Object Questions,,Object_cause|Object_Rel,,,1|2,,,,
R_3fOx8e7QhZr5v9X,Default Response Set,Anonymous,,,,0,10/11/2016 10:50,10/11/2016 10:53,1,1,1,1,,,,,,1,0,0,76.155,0,,,,,,1,1,1,1,,,,,1,,1,,1,,1,,1,1,1,1,90,9,2,39,2,,,,,1,,,Norm conforming,Agent Questions,Agent_cause|Agent_rel,,,,,1|2,,,
R_OwI2ZMoglgOjyoN,Default Response Set,Anonymous,,,,0,10/11/2016 10:51,10/11/2016 10:54,1,1,1,1,1,0,0,49.654,0,,,,,,,,,,,,,,,1,1,1,1,1,,1,,1,,1,,,1,1,1,3,9,2,25,,,,,,1,,,Moral norm violation,Object Questions,,Object_Rel|Object_cause,,,2|1,,,,
R_eeToTJzu0JB3YIx,Default Response Set,Anonymous,,,,0,10/11/2016 10:50,10/11/2016 10:54,1,1,1,1,,,,,,,,,,,1,0,0,75.885,0,1,1,1,1,,,,,,1,1,,1,1,1,,1,1,1,1,100,4,2,44,2,,,,,1,,,Malfunction,Agent Questions,Agent_rel|Agent_cause,,,,,2|1,,,
R_2zIUkZIwhc71IJu,Default Response Set,Anonymous,,,,0,10/11/2016 10:47,10/11/2016 10:54,1,1,1,1,1,3.73,122.111,123.232,85,,,,,,,,,,,2,1,,1,,,,,1,,1,,1,,1,,1,1,1,1,50,7,1,25,2,,,,,,1,,Moral norm violation,Agent Questions,Agent_cause|Agent_rel,,,,,1|2,,,
R_2f3b90Yl2bkj00E,Default Response Set,Anonymous,,,,0,10/11/2016 10:54,10/11/2016 10:56,1,1,1,1,,,,,,1,49.73,49.73,50.586,1,,,,,,1,1,1,1,,,,,1,,1,,1,,1,,1,1,1,1,99,8,2,29,2,,,,,1,,,Norm conforming,Agent Questions,Agent_cause|Agent_rel,,,,,2|1,,,
R_2WGsgMtRio3iRFU,Default Response Set,Anonymous,,,,0,10/11/2016 10:53,10/11/2016 10:57,1,1,1,1,,,,,,1,0,0,67.542,0,,,,,,,,,,1,1,1,,,1,1,,1,,1,,1,1,1,1,83,9,1,27,2,,,,,,,,Norm conforming,Object Questions,,Object_Rel|Object_cause,,,1|2,,,,
R_XsPri2KIKjUMm7D,Default Response Set,Anonymous,,,,0,10/11/2016 10:56,10/11/2016 10:58,1,1,1,1,,,,,,,,,,,1,0,0,29.227,0,2,2,,,,,,,,1,1,,1,,1,1,1,1,1,1,80,7,1,31,2,,,,,1,,,Malfunction,Agent Questions,Agent_cause|Agent_rel,,,,,1|2,,,
R_bxRgXRmPDAiBK7L,Default Response Set,Anonymous,,,,0,10/11/2016 10:54,10/11/2016 11:00,1,1,1,1,1,0,0,89.517,0,,,,,,,,,,,,,,,2,2,1,,1,,1,,1,,1,,1,,1,1,91,9,1,21,2,,,,,1,,,Moral norm violation,Object Questions,,Object_Rel|Object_cause,,,2|1,,,,
R_10N7nSu1BHKbJhG,Default Response Set,Anonymous,,,,0,10/11/2016 10:58,10/11/2016 11:02,1,1,1,1,1,18.718,20.469,22.26,3,,,,,,,,,,,,,,,2,2,1,1,1,,1,,1,,1,,,1,1,,74,6,1,26,2,,,,,1,,,Moral norm violation,Object Questions,,Object_cause|Object_Rel,,,1|2,,,,
R_279Z3GWhOo3GQTI,Default Response Set,Anonymous,,,,0,10/11/2016 10:57,10/11/2016 11:02,1,1,1,1,,,,,,,,,,,1,0,0,46.514,0,,,,,2,1,,1,,1,1,,1,,1,1,1,1,1,1,,9,1,26,2,,,,,1,,,Malfunction,Object Questions,,Object_Rel|Object_cause,,,1|2,,,,
R_1LM38vtbZZysvlQ,Default Response Set,Anonymous,,,,0,10/11/2016 11:01,10/11/2016 11:02,1,1,1,1,,,,,,1,0,0,0.933,0,,,,,,2,1,1,,,,,,1,,,1,1,,1,,1,,,1,56,5,1,27,2,,,,1,,,,Norm conforming,Agent Questions,Agent_cause|Agent_rel,,,,,2|1,,,
R_27IgDwN74OMMcgZ,Default Response Set,Anonymous,,,,0,10/11/2016 11:01,10/11/2016 11:03,1,1,1,1,,,,,,1,0,0,1.506,0,,,,,,,,,,1,2,1,,1,1,1,1,1,1,1,,1,1,1,,41,7,2,42,1,,,,,,,,Norm conforming,Object Questions,,Object_cause|Object_Rel,,,2|1,,,,
R_3qEUpL2pV9rwQDF,Default Response Set,Anonymous,,,,0,10/11/2016 10:56,10/11/2016 11:03,1,1,1,1,,,,,,,,,,,1,4.223,101.538,107.948,3,1,1,1,1,,,,,,1,1,,1,1,1,,1,1,1,1,,9,2,70,2,,,,,1,,,Malfunction,Agent Questions,Agent_cause|Agent_rel,,,,,2|1,,,
R_1pngIV2x5JS1T4k,Default Response Set,Anonymous,,,,0,10/11/2016 11:01,10/11/2016 11:04,1,1,1,1,1,4.961,4.961,5.229,1,,,,,,,,,,,1,1,1,1,,,,,1,,1,,1,,1,,1,,1,,30,10,1,24,2,,,,,1,,,Moral norm violation,Agent Questions,Agent_cause|Agent_rel,,,,,2|1,,,
R_1kZWpmfl0U9psRs,Default Response Set,Anonymous,,,,0,10/11/2016 11:01,10/11/2016 11:04,1,1,1,1,,,,,,,,,,,1,0,0,47.656,0,2,2,1,,,,,,,1,1,,1,1,1,,1,1,1,1,99,10,2,34,2,,,,,1,,,Malfunction,Agent Questions,Agent_rel|Agent_cause,,,,,2|1,,,
R_3hcEOpX6g3Sv9Oo,Default Response Set,Anonymous,,,,0,10/11/2016 11:00,10/11/2016 11:04,1,1,1,1,1,0,0,77.451,0,,,,,,,,,,,,,,,1,1,1,,1,,1,,1,,1,,,1,1,,80,9,2,37,2,,,,1,,,,Moral norm violation,Object Questions,,Object_cause|Object_Rel,,,1|2,,,,
R_YQaaNoW31jcDyVj,Default Response Set,Anonymous,,,,0,10/11/2016 11:02,10/11/2016 11:06,1,1,1,1,1,0,0,103.025,0,,,,,,,,,,,,,,,1,2,,1,1,,1,,1,,1,,,1,1,1,95,6,2,43,2,,,,,1,,,Moral norm violation,Object Questions,,Object_cause|Object_Rel,,,2|1,,,,
R_Zkmmx8G4L1vjxEB,Default Response Set,Anonymous,,,,0,10/11/2016 11:09,10/11/2016 11:11,1,1,1,1,,,,,,,,,,,1,0,0,53.729,0,,,,,2,2,,1,,1,1,,1,1,1,,1,1,1,1,99,10,2,32,2,,,,,1,,,Malfunction,Object Questions,,Object_Rel|Object_cause,,,2|1,,,,
R_28ImaiJDRXGdvs8,Default Response Set,Anonymous,,,,0,10/11/2016 11:08,10/11/2016 11:12,1,1,1,1,,,,,,1,0,0,79.241,0,,,,,,2,2,1,1,,,,,1,,1,,1,,1,,1,1,1,1,85,10,2,64,2,,,,,1,,,Norm conforming,Agent Questions,Agent_cause|Agent_rel,,,,,1|2,,,
R_T7qM3pMuWxq545P,Default Response Set,Anonymous,,,,0,10/11/2016 11:09,10/11/2016 11:14,1,1,1,1,,,,,,1,60.453,68.075,127.083,2,,,,,,,,,,2,2,1,,1,,1,,1,,1,,1,1,1,1,90,10,2,32,2,,,,,1,,,Norm conforming,Object Questions,,Object_Rel|Object_cause,,,1|2,,,,
R_2CJSCT6SKzW1IrY,Default Response Set,Anonymous,,,,0,10/11/2016 11:12,10/11/2016 11:15,1,1,1,1,,,,,,1,0,0,68.294,0,,,,,,,,,,1,1,1,1,1,,1,,1,,1,,1,1,1,1,100,10,1,46,2,,,,,,1,,Norm conforming,Object Questions,,Object_Rel|Object_cause,,,2|1,,,,
R_1jWbBJmkq7tww7g,Default Response Set,Anonymous,,,,0,10/11/2016 11:12,10/11/2016 11:15,1,1,1,1,,,,,,,,,,,1,33.493,33.493,59.085,1,2,2,1,,,,,,,1,1,,1,1,1,,1,1,1,1,100,9,2,27,2,,,,,1,,,Malfunction,Agent Questions,Agent_rel|Agent_cause,,,,,2|1,,,
R_3lzB6FEMAh8tTgj,Default Response Set,Anonymous,,,,0,10/11/2016 11:11,10/11/2016 11:16,1,1,1,1,,,,,,,,,,,1,26.994,28.514,60.173,2,2,1,,1,,,,,,1,1,,,1,1,,1,1,1,1,91,9,2,52,2,,,,,1,,,Malfunction,Agent Questions,Agent_cause|Agent_rel,,,,,2|1,,,
R_2zpuXicAkPCj4Af,Default Response Set,Anonymous,,,,0,10/11/2016 11:13,10/11/2016 11:16,1,1,1,1,,,,,,1,2.32,11.76,56.376,3,,,,,,,,,,1,1,1,1,1,,1,,1,,1,,1,1,1,1,90,9,1,37,2,,,,,1,,,Norm conforming,Object Questions,,Object_cause|Object_Rel,,,1|2,,,,
R_e2kWJBakLdyKjtL,Default Response Set,Anonymous,,,,0,10/11/2016 11:15,10/11/2016 11:18,1,1,1,1,1,0,0,33.49,0,,,,,,,,,,,1,1,1,1,,,,,1,,1,,1,,1,,1,,1,,20,10,2,26,2,,,,,1,,,Moral norm violation,Agent Questions,Agent_cause|Agent_rel,,,,,1|2,,,
R_VR3i5uDV3miyNB7,Default Response Set,Anonymous,,,,0,10/11/2016 11:16,10/11/2016 11:18,1,1,1,1,,,,,,1,0,0,33.847,0,,,,,,2,2,1,,,,,,,1,1,,,1,1,,,1,1,,45,5,2,24,2,,,,,,,1,Norm conforming,Agent Questions,Agent_rel|Agent_cause,,,,,2|1,,,
R_3LXPg2Nb2kxft0e,Default Response Set,Anonymous,,,,0,10/11/2016 11:15,10/11/2016 11:19,1,1,1,1,,,,,,,,,,,1,0,0,81.049,0,,,,,1,1,,1,,1,1,,1,1,1,,1,1,1,1,95,10,2,38,2,,,,,1,,,Malfunction,Object Questions,,Object_Rel|Object_cause,,,2|1,,,,
R_OxliN5u01O8Ljgt,Default Response Set,Anonymous,,,,0,10/11/2016 11:12,10/11/2016 11:19,1,1,1,1,1,0,0,77.47,0,,,,,,,,,,,2,1,,1,,,,,1,,1,,1,,1,,,1,1,,,4,1,25,,,,,,,,,Moral norm violation,Agent Questions,Agent_cause|Agent_rel,,,,,1|2,,,
R_1QFpCYGSEmZJS1S,Default Response Set,Anonymous,,,,0,10/11/2016 11:16,10/11/2016 11:19,1,1,1,1,,,,,,1,0,0,44.366,0,,,,,,,,,,1,1,1,1,,1,1,,1,,1,,1,1,1,1,68,8,2,33,2,,,,,1,,,Norm conforming,Object Questions,,Object_cause|Object_Rel,,,1|2,,,,
R_pgdkw2qDXabpEfD,Default Response Set,Anonymous,,,,0,10/11/2016 11:17,10/11/2016 11:20,1,1,1,1,1,0,0,53.49,0,,,,,,,,,,,2,1,,1,,,,,1,,1,,1,1,1,1,,1,,1,100,6,1,21,2,,,,,1,,,Moral norm violation,Agent Questions,Agent_rel|Agent_cause,,,,,2|1,,,
R_1Os0oAicjW6Mu7V,Default Response Set,Anonymous,,,,0,10/11/2016 11:18,10/11/2016 11:21,1,1,1,1,,,,,,,,,,,1,0,0,81.015,0,,,,,2,1,,1,,1,1,,1,1,1,,1,1,1,1,91,10,1,26,2,,,,,1,,,Malfunction,Object Questions,,Object_cause|Object_Rel,,,2|1,,,,
R_3fcKaiTjDRcQFBD,Default Response Set,Anonymous,,,,0,10/11/2016 11:20,10/11/2016 11:24,1,1,1,1,1,0,0,71.418,0,,,,,,,,,,,,,,,2,2,,1,1,,1,,1,,1,,,1,1,1,70,7,2,62,2,,,,,1,,,Moral norm violation,Object Questions,,Object_Rel|Object_cause,,,1|2,,,,
R_3PpB0MoYlYa9FFp,Default Response Set,Anonymous,,,,0,10/11/2016 11:22,10/11/2016 11:26,1,1,1,1,,,,,,,,,,,1,0,0,72.355,0,,,,,2,1,,1,,1,1,,1,,1,,1,,1,,100,10,1,32,2,,,,,1,,,Malfunction,Object Questions,,Object_Rel|Object_cause,,,2|1,,,,
R_2YhsyM35YJaQ120,Default Response Set,Anonymous,,,,0,10/11/2016 11:21,10/11/2016 11:26,1,1,1,1,,,,,,1,3.134,15.679,17.776,3,,,,,,1,2,,1,,,,,1,,1,,1,,1,,1,,1,,90,10,2,31,2,,,,1,,,,Norm conforming,Agent Questions,Agent_cause|Agent_rel,,,,,1|2,,,
R_3HuGjPAK3P0HKCh,Default Response Set,Anonymous,,,,0,10/11/2016 11:20,10/11/2016 11:28,1,1,1,1,1,0,0,320.372,0,,,,,,,,,,,2,1,,1,,,,,1,,1,,1,,1,,,1,1,1,81,,2,31,2,,,,,1,,,Moral norm violation,Agent Questions,Agent_cause|Agent_rel,,,,,1|2,,,
R_2dmO5OrOPKAH0Ar,Default Response Set,Anonymous,,,,0,10/11/2016 11:24,10/11/2016 11:28,1,1,1,1,,,,,,,,,,,1,0,0,91.717,0,,,,,1,1,,1,,1,1,,1,1,1,,1,1,1,1,100,9,1,61,2,,,,,,1,,Malfunction,Object Questions,,Object_cause|Object_Rel,,,2|1,,,,
R_3qPEL69cjVtuAMI,Default Response Set,Anonymous,,,,0,10/11/2016 11:22,10/11/2016 11:28,1,1,1,1,1,0,0,107.697,0,,,,,,,,,,,,,,,1,1,1,1,1,,1,,1,,1,,,1,1,1,80,5,1,43,2,,,,,1,,,Moral norm violation,Object Questions,,Object_Rel|Object_cause,,,2|1,,,,
R_3knbvujZijJ6bFT,Default Response Set,Anonymous,,,,0,10/11/2016 11:25,10/11/2016 11:29,1,1,1,1,1,26.307,38.498,100.307,4,,,,,,,,,,,1,1,,1,,,,,1,,1,,1,,1,,,1,1,1,92,9,2,27,2,,,,,1,,,Moral norm violation,Agent Questions,Agent_cause|Agent_rel,,,,,2|1,,,
R_2BfmRpiLGbrsTkz,Default Response Set,Anonymous,,,,0,10/11/2016 11:26,10/11/2016 11:29,1,1,1,1,1,0,0,78.6,0,,,,,,,,,,,,,,,1,1,1,1,1,,1,,1,,1,,,1,1,,51,4,2,43,2,,,,,1,,,Moral norm violation,Object Questions,,Object_Rel|Object_cause,,,1|2,,,,
R_1QaAfWtcZSXPwmS,Default Response Set,Anonymous,,,,0,10/11/2016 11:27,10/11/2016 11:30,1,1,1,1,,,,,,1,0,0,67.715,0,,,,,,1,1,1,1,,,,,1,,1,,1,,1,,1,1,1,1,75,9,2,36,2,,,,,1,,,Norm conforming,Agent Questions,Agent_cause|Agent_rel,,,,,1|2,,,
R_2azR7obQ9UNHIdC,Default Response Set,Anonymous,,,,0,10/11/2016 11:27,10/11/2016 11:30,1,1,1,1,,,,,,,,,,,1,0,0,62.682,0,,,,,2,1,,1,,1,1,,1,1,1,,1,1,1,1,90,10,2,29,2,,,,,1,,,Malfunction,Object Questions,,Object_Rel|Object_cause,,,2|1,,,,
R_29izXycbsWYalLH,Default Response Set,Anonymous,,,,0,10/11/2016 11:28,10/11/2016 11:32,1,1,1,1,,,,,,1,83.495,83.495,84.572,1,,,,,,,,,,2,2,1,1,1,,1,,1,,1,,1,1,1,1,50,10,1,23,2,,,,1,,,,Norm conforming,Object Questions,,Object_Rel|Object_cause,,,2|1,,,,
R_4O2Chb1lGKASxgt,Default Response Set,Anonymous,,,,0,10/11/2016 11:29,10/11/2016 11:36,1,1,1,1,1,7.016,147.996,148.33,3,,,,,,,,,,,2,1,,1,,,,,1,,1,,1,,1,,,1,1,1,81,6,1,31,2,,,,,1,,,Moral norm violation,Agent Questions,Agent_cause|Agent_rel,,,,,2|1,,,
R_6sXhnC01oC7w7oR,Default Response Set,Anonymous,,,,0,10/11/2016 11:31,10/11/2016 11:36,1,1,1,1,,,,,,,,,,,1,0,0,127.563,0,2,2,,1,,,,,,1,1,,1,1,1,,1,,1,,100,9,2,47,2,,,,,1,,,Malfunction,Agent Questions,Agent_cause|Agent_rel,,,,,1|2,,,
R_3PBMVezPbYuKuVA,Default Response Set,Anonymous,,,,0,10/11/2016 11:32,10/11/2016 11:37,1,1,1,1,1,118.267,125.352,130.774,2,,,,,,,,,,,,,,,2,1,,1,1,,1,,1,,1,,,1,1,,70,6,1,28,2,,,,,,1,,Moral norm violation,Object Questions,,Object_cause|Object_Rel,,,1|2,,,,
R_1LioCiK9TumCA2n,Default Response Set,Anonymous,,,,0,10/11/2016 11:38,10/11/2016 11:40,1,1,1,1,,,,,,1,3.319,3.319,10.988,1,,,,,,2,1,1,1,,,,,1,,1,,1,,,1,1,,1,,,8,2,18,1,,,,,1,,,Norm conforming,Agent Questions,Agent_cause|Agent_rel,,,,,2|1,,,
R_3DklgaxDdtihISS,Default Response Set,Anonymous,,,,0,10/11/2016 11:40,10/11/2016 11:43,1,1,1,1,1,0,0,47.099,0,,,,,,,,,,,,,,,1,1,1,1,,1,1,1,1,,1,,,1,1,,80,6,2,25,2,,,,,1,,,Moral norm violation,Object Questions,,Object_Rel|Object_cause,,,1|2,,,,
R_31g7UULctEffPAs,Default Response Set,Anonymous,,,,0,10/11/2016 11:41,10/11/2016 11:44,1,1,1,1,,,,,,,,,,,1,11.631,33.606,34.807,6,2,1,,1,,,,,,1,1,,1,1,1,,1,1,1,1,88,9,2,29,2,1,,,,1,,,Malfunction,Agent Questions,Agent_rel|Agent_cause,,,,,2|1,,,
R_Z2JoDNggsvBPRzH,Default Response Set,Anonymous,,,,0,10/11/2016 11:42,10/11/2016 11:46,1,1,1,1,,,,,,,,,,,1,0,0,70.112,0,1,1,,1,,,,,,1,1,,1,1,1,,1,1,1,1,100,4,1,74,2,,,,,1,,,Malfunction,Agent Questions,Agent_rel|Agent_cause,,,,,2|1,,,
R_3eqAmUDCm424YeR,Default Response Set,Anonymous,,,,0,10/11/2016 11:43,10/11/2016 11:46,1,1,1,1,1,0,0,65.675,0,,,,,,,,,,,,1,,1,,,,,1,,1,,1,,1,,,1,1,1,99,4,2,31,2,,,,1,,,,Moral norm violation,Agent Questions,Agent_cause|Agent_rel,,,,,2|1,,,
R_3066lLDiDDdJLTq,Default Response Set,Anonymous,,,,0,10/11/2016 11:42,10/11/2016 11:47,1,1,1,1,,,,,,1,0,0,99.046,0,,,,,,,,,,2,2,1,1,1,,1,,1,,1,,1,1,1,1,99,9,2,40,2,,,,1,,,,Norm conforming,Object Questions,,Object_Rel|Object_cause,,,1|2,,,,
R_1l4d900RA0XJzQx,Default Response Set,Anonymous,,,,0,10/11/2016 11:45,10/11/2016 11:47,1,1,1,1,,,,,,,,,,,1,18.669,18.989,46.244,2,,,,,1,1,,1,,1,1,,,,,1,1,1,1,1,100,7,1,24,2,,,,,1,,,Malfunction,Object Questions,,Object_cause|Object_Rel,,,1|2,,,,
R_V2NfRhHBW0EsAh3,Default Response Set,Anonymous,,,,0,10/11/2016 11:47,10/11/2016 11:49,1,1,1,1,1,0,0,48.86,0,,,,,,,,,,,,,,,1,1,,1,1,,1,,1,,1,,,1,,1,31,8,1,32,2,,,,,1,,,Moral norm violation,Object Questions,,Object_Rel|Object_cause,,,1|2,,,,
R_urBfsRssfy26HOp,Default Response Set,Anonymous,,,,0,10/11/2016 11:49,10/11/2016 11:52,1,1,1,1,,,,,,,,,,,1,0,0,54.254,0,1,1,,1,,,,,,1,1,,1,1,1,,1,1,1,,99,9,1,34,2,,,,,1,,,Malfunction,Agent Questions,Agent_cause|Agent_rel,,,,,2|1,,,
R_2s4a5xsNj7JQPZL,Default Response Set,Anonymous,,,,0,10/11/2016 11:48,10/11/2016 11:52,1,1,1,1,,,,,,1,0,0,75.021,0,,,,,,1,1,1,1,,,,,1,,1,,1,,1,,1,1,1,1,100,9,2,57,2,,,,1,,,,Norm conforming,Agent Questions,Agent_cause|Agent_rel,,,,,2|1,,,
R_3efUkb7vXunkkKw,Default Response Set,Anonymous,,,,0,10/11/2016 11:50,10/11/2016 11:53,1,1,1,1,1,0,0,76.061,0,,,,,,,,,,,2,1,,1,,,,,1,,1,,1,,1,,,1,1,1,99,6,2,23,2,,,,,1,,,Moral norm violation,Agent Questions,Agent_rel|Agent_cause,,,,,1|2,,,
R_2By412cwQ03aQcX,Default Response Set,Anonymous,,,,0,10/11/2016 11:48,10/11/2016 11:54,1,1,1,1,,,,,,1,0,0,118.399,0,,,,,,,,,,1,2,1,1,1,,1,,1,,1,,1,,1,,91,9,1,30,2,,,,1,,,,Norm conforming,Object Questions,,Object_cause|Object_Rel,,,2|1,,,,
R_pgj8AWyctxxfVE5,Default Response Set,Anonymous,,,,0,10/11/2016 11:53,10/11/2016 11:57,1,1,1,1,,,,,,1,0,0,74.663,0,,,,,,1,1,,1,,,,,1,,1,,1,,1,,,1,1,1,75,7,1,30,2,,,,,1,,,Norm conforming,Agent Questions,Agent_rel|Agent_cause,,,,,2|1,,,
R_2YlgmfbHa0LhQf2,Default Response Set,Anonymous,,,,0,10/11/2016 11:56,10/11/2016 11:57,1,1,1,1,1,0,0,15.246,0,,,,,,,,,,,1,2,1,,,,,,1,,,1,1,,,1,1,,,1,44,7,1,52,2,,,,,1,,,Moral norm violation,Agent Questions,Agent_cause|Agent_rel,,,,,1|2,,,
R_SIbXvZOSqmrfvbP,Default Response Set,Anonymous,,,,0,10/11/2016 11:52,10/11/2016 11:59,1,1,1,1,,,,,,,,,,,1,0,0,84.796,0,,,,,2,1,,1,,1,1,,1,1,1,,1,1,1,1,,10,1,56,2,,,,,1,,,Malfunction,Object Questions,,Object_cause|Object_Rel,,,1|2,,,,
R_1JPCnTbXvxrudRz,Default Response Set,Anonymous,,,,0,10/11/2016 11:58,10/11/2016 12:00,1,1,1,1,,,,,,1,0,0,40.431,0,,,,,,,,,,1,1,,,1,,1,,1,,1,,1,1,1,1,71,10,2,29,2,,,,,1,,,Norm conforming,Object Questions,,Object_Rel|Object_cause,,,2|1,,,,
R_5u1e6buesPeh8pH,Default Response Set,Anonymous,,,,0,10/11/2016 11:59,10/11/2016 12:02,1,1,1,1,,,,,,,,,,,1,0,0,55.069,0,1,1,,1,,,,,1,1,1,,1,1,1,,1,1,1,1,85,9,2,43,2,,,,,1,,,Malfunction,Agent Questions,Agent_cause|Agent_rel,,,,,1|2,,,
R_29aCeaiuEse4OjF,Default Response Set,Anonymous,,,,0,10/11/2016 12:00,10/11/2016 12:05,1,1,1,1,1,2.826,3.194,10.034,2,,,,,,,,,,,,,,,2,1,1,1,1,,1,,1,,1,,1,,1,,45,9,1,35,2,,,,,1,,,Moral norm violation,Object Questions,,Object_cause|Object_Rel,,,2|1,,,,
R_1Iv0nwcQXh7J1VM,Default Response Set,Anonymous,,,,0,10/11/2016 12:00,10/11/2016 12:05,1,1,1,1,,,,,,1,0,0,74.323,0,,,,,,2,2,1,1,,,,,1,,1,,1,,1,,1,,1,,,7,2,40,1,,,,,1,,,Norm conforming,Agent Questions,Agent_cause|Agent_rel,,,,,2|1,,,
R_sNm4Xae06bVfS9j,Default Response Set,Anonymous,,,,0,10/11/2016 12:04,10/11/2016 12:06,1,1,1,1,,,,,,1,0,0,31.471,0,,,,,,,,,,1,1,1,1,1,,1,,1,,1,,1,1,1,1,79,9,1,25,2,,,,,1,,,Norm conforming,Object Questions,,Object_Rel|Object_cause,,,1|2,,,,
R_1dov0mRkXpGJ5Bi,Default Response Set,Anonymous,,,,0,10/11/2016 12:07,10/11/2016 12:09,1,1,1,1,1,0,0,53.495,0,,,,,,,,,,,,,,,1,1,,1,1,,1,,1,,1,,,1,1,,71,6,1,31,2,,,,,1,,,Moral norm violation,Object Questions,,Object_Rel|Object_cause,,,2|1,,,,
R_2thawNYyYQjNYWQ,Default Response Set,Anonymous,,,,0,10/11/2016 12:08,10/11/2016 12:11,1,1,1,1,1,0,0,52.374,0,,,,,,,,,,,,,,,2,1,,1,1,,1,1,1,1,1,,,1,1,1,91,9,1,19,2,,,,,1,,,Moral norm violation,Object Questions,,Object_Rel|Object_cause,,,1|2,,,,
R_24qJvKAFuc5tGgx,Default Response Set,Anonymous,,,,0,10/11/2016 12:07,10/11/2016 12:12,1,1,1,1,,,,,,,,,,,1,0,0,103.021,0,1,2,1,,,,,,,1,1,,1,1,1,,1,1,1,1,79,10,1,42,2,,,,,1,,,Malfunction,Agent Questions,Agent_rel|Agent_cause,,,,,1|2,,,
R_2wGr9oKUKAoJljV,Default Response Set,Anonymous,,,,0,10/11/2016 12:04,10/11/2016 12:12,1,1,1,1,,,,,,,,,,,1,0,0,153.833,0,1,2,,1,,,,,,1,1,,1,1,1,,1,,1,,,5,2,,2,,,,,1,,,Malfunction,Agent Questions,Agent_rel|Agent_cause,,,,,1|2,,,
R_3PQT5y58rjfNLZT,Default Response Set,Anonymous,,,,0,10/11/2016 12:11,10/11/2016 12:14,1,1,1,1,,,,,,1,18.88,18.88,58.887,1,,,,,,,,,,2,2,1,,1,,1,,1,,1,,1,1,1,1,100,10,1,18,2,,,,,1,,,Norm conforming,Object Questions,,Object_Rel|Object_cause,,,1|2,,,,
R_3HREmHAt6NBeMUm,Default Response Set,Anonymous,,,,0,10/11/2016 12:14,10/11/2016 12:18,1,1,1,1,1,0.767,97.317,136.449,9,,,,,,,,,,,2,1,,1,,,,,1,,1,,1,,1,,,1,1,1,79,5,1,21,2,,,,,1,,,Moral norm violation,Agent Questions,Agent_cause|Agent_rel,,,,,2|1,,,
R_3RyHKzkzTl8iteW,Default Response Set,Anonymous,,,,0,10/11/2016 12:17,10/11/2016 12:21,1,1,1,1,,,,,,,,,,,1,0,0,72.806,0,2,1,,1,,,,,,1,1,,1,1,1,,1,1,1,1,100,9,1,24,2,,1,,,,,,Malfunction,Agent Questions,Agent_cause|Agent_rel,,,,,2|1,,,
R_2cq5zXBB0A1QMF8,Default Response Set,Anonymous,,,,0,10/11/2016 12:20,10/11/2016 12:22,1,1,1,1,,,,,,1,0,0,43.76,0,,,,,,,,,,2,2,,,1,,1,,1,,1,,1,1,1,1,80,10,1,29,2,,,1,,1,,,Norm conforming,Object Questions,,Object_Rel|Object_cause,,,1|2,,,,
R_1BQV72T51FPBCFW,Default Response Set,Anonymous,,,,0,10/11/2016 12:22,10/11/2016 12:24,1,1,1,1,,,,,,,,,,,1,0,0,13.115,0,1,1,,1,,,,,1,,1,,1,,,1,1,,1,,20,7,1,34,1,,,,,1,,,Malfunction,Agent Questions,Agent_cause|Agent_rel,,,,,1|2,,,
R_Yb4fkNPMBI0DbDH,Default Response Set,Anonymous,,,,0,10/11/2016 12:23,10/11/2016 12:25,1,1,1,1,,,,,,1,0,0,39.015,0,,,,,,,,,,2,1,1,,1,,1,,1,,,1,1,,1,,42,7,1,26,2,,1,,,,,,Norm conforming,Object Questions,,Object_cause|Object_Rel,,,2|1,,,,
R_Y0r9tG93k7kuhWh,Default Response Set,Anonymous,,,,0,10/11/2016 12:23,10/11/2016 12:26,1,1,1,1,,,,,,1,4.014,49.638,51.427,3,,,,,,,,,,1,1,1,1,1,,1,,1,,1,,1,1,1,1,99,10,2,23,2,,1,,,,,,Norm conforming,Object Questions,,Object_cause|Object_Rel,,,1|2,,,,
R_2z6MwhQzi7fyNf2,Default Response Set,Anonymous,,,,0,10/11/2016 12:24,10/11/2016 12:27,1,1,1,1,,,,,,,,,,,1,1.848,1.848,7.486,1,2,1,,1,,,,,,1,1,,1,1,1,,,1,1,,,6,1,24,2,,,,,1,,,Malfunction,Agent Questions,Agent_cause|Agent_rel,,,,,1|2,,,
R_2tFslzQi1sBLDmG,Default Response Set,Anonymous,,,,0,10/11/2016 12:20,10/11/2016 12:29,1,1,1,1,1,0,0,184.789,0,,,,,,,,,,,,,,,2,2,,1,,1,1,,1,,1,,,1,1,1,50,9,1,28,2,,,,,1,,1,Moral norm violation,Object Questions,,Object_Rel|Object_cause,,,1|2,,,,
R_1qUknrzJhw98wvA,Default Response Set,Anonymous,,,,0,10/11/2016 12:28,10/11/2016 12:32,1,1,1,1,,,,,,,,,,,1,26.132,38.197,109.244,2,2,1,1,1,,,,,,1,1,,1,1,1,,1,1,1,1,80,10,1,34,2,,1,,,,,,Malfunction,Agent Questions,Agent_cause|Agent_rel,,,,,1|2,,,
R_8ivldnza6DYTVfz,Default Response Set,Anonymous,,,,0,10/11/2016 12:29,10/11/2016 12:32,1,1,1,1,,,,,,1,0,0,86.368,0,,,,,,1,2,1,,,,,,1,,1,,1,,1,,1,1,1,1,100,10,2,27,2,,,,1,,,,Norm conforming,Agent Questions,Agent_rel|Agent_cause,,,,,2|1,,,
R_AdpjTv4cNZIx8Vb,Default Response Set,Anonymous,,,,0,10/11/2016 12:27,10/11/2016 12:33,1,1,1,1,1,0,0,148.82,0,,,,,,,,,,,,,,,1,1,1,1,1,,1,,1,,1,,,1,1,1,85,5,2,59,2,,,,,1,,,Moral norm violation,Object Questions,,Object_Rel|Object_cause,,,2|1,,,,
R_8pj6fya2LZHSOid,Default Response Set,Anonymous,,,,0,10/11/2016 12:30,10/11/2016 12:37,1,1,1,1,,,,,,,,,,,1,0,0,175,0,1,1,1,1,,,,,,1,1,,1,1,1,,1,1,1,1,98,9,2,52,2,,1,,,,,,Malfunction,Agent Questions,Agent_rel|Agent_cause,,,,,1|2,,,
R_22FldeOZd1ZxGoB,Default Response Set,Anonymous,,,,0,10/11/2016 12:34,10/11/2016 12:41,1,1,1,1,,,,,,1,0,0,73.261,0,,,,,,,,,,1,1,,1,1,,1,,1,,1,,1,1,1,1,92,9,2,,,,,,,,,,Norm conforming,Object Questions,,Object_cause|Object_Rel,,,2|1,,,,
R_3CDREVpEhsHsgZc,Default Response Set,Anonymous,,,,0,10/11/2016 12:39,10/11/2016 12:43,1,1,1,1,,,,,,,,,,,1,27.619,27.619,30.442,1,1,1,1,1,,,,,,1,1,,1,,1,,1,1,1,1,90,8,1,32,2,,,,,1,,,Malfunction,Agent Questions,Agent_cause|Agent_rel,,,,,2|1,,,
R_1cUDIutgDH12KUQ,Default Response Set,Anonymous,,,,0,10/11/2016 12:40,10/11/2016 12:43,1,1,1,1,1,56.382,59.102,61.73,2,,,,,,,,,,,,,,,2,1,,1,1,1,1,1,1,,1,,1,,1,1,68,7,1,,2,,1,,,,,,Moral norm violation,Object Questions,,Object_Rel|Object_cause,,,1|2,,,,
R_8pMrTnRnxj1TkWZ,Default Response Set,Anonymous,,,,0,10/11/2016 12:43,10/11/2016 12:46,1,1,1,1,,,,,,1,0,0,60.176,0,,,,,,1,1,1,1,,,,,1,,1,,1,,1,,1,1,1,1,90,9,2,25,2,,,,,1,,,Norm conforming,Agent Questions,Agent_rel|Agent_cause,,,,,2|1,,,
R_3DdxMg1l0m0expi,Default Response Set,Anonymous,,,,0,10/11/2016 12:44,10/11/2016 12:46,1,1,1,1,,,,,,,,,,,1,0,0,50.812,0,,,,,2,1,,1,,1,1,,1,1,1,,1,1,1,,81,8,2,26,2,,,,,1,,,Malfunction,Object Questions,,Object_cause|Object_Rel,,,2|1,,,,
R_yvE9IfxTeETc9cR,Default Response Set,Anonymous,,,,0,10/11/2016 12:45,10/11/2016 12:47,1,1,1,1,1,0,0,61.638,0,,,,,,,,,,,,,,,2,2,,1,1,,1,,1,,1,,,1,1,1,91,5,2,35,2,,,,,1,,,Moral norm violation,Object Questions,,Object_cause|Object_Rel,,,1|2,,,,
R_3kprLG37N5iGbBA,Default Response Set,Anonymous,,,,0,10/11/2016 12:44,10/11/2016 12:47,1,1,1,1,1,0,0,73.059,0,,,,,,,,,,,2,1,,1,,,,,1,,1,,1,,1,,,1,1,1,41,6,2,25,2,,,,,1,,,Moral norm violation,Agent Questions,Agent_cause|Agent_rel,,,,,1|2,,,
R_rkFmXriOWb9gvnj,Default Response Set,Anonymous,,,,0,10/11/2016 12:46,10/11/2016 12:49,1,1,1,1,,,,,,,,,,,1,2.5,4.849,56.697,2,2,1,,1,,,,,,1,1,,1,1,1,,1,1,1,1,98,9,2,35,2,,,,,1,,,Malfunction,Agent Questions,Agent_rel|Agent_cause,,,,,2|1,,,
R_1prN6ly6cr9giyA,Default Response Set,Anonymous,,,,0,10/11/2016 12:56,10/11/2016 12:59,1,1,1,1,,,,,,,,,,,1,0,0,52.271,0,1,1,1,1,,,,,,1,1,,1,1,1,,1,1,1,1,94,9,2,30,1,,,,,1,,,Malfunction,Agent Questions,Agent_cause|Agent_rel,,,,,1|2,,,
R_sZFkBjtsOVvKgWB,Default Response Set,Anonymous,,,,0,10/11/2016 13:03,10/11/2016 13:07,1,1,1,1,,,,,,1,2.699,4.37,60.97,3,,,,,,,,,,2,2,,,1,,1,,1,,1,,1,1,1,1,,9,1,32,2,,,,,,1,,Norm conforming,Object Questions,,Object_cause|Object_Rel,,,2|1,,,,
R_3HZxFkxiBIWj1OJ,Default Response Set,Anonymous,,,,0,10/11/2016 13:16,10/11/2016 13:20,1,1,1,1,1,0,0,85.816,0,,,,,,,,,,,,,,,2,2,1,1,1,,1,,1,,1,,,1,1,,,5,2,38,2,,,,,1,,,Moral norm violation,Object Questions,,Object_Rel|Object_cause,,,2|1,,,,
R_2aLxAP42GO86L0Z,Default Response Set,Anonymous,,,,0,10/11/2016 13:03,10/11/2016 13:20,1,1,1,1,1,0,0,865.924,0,,,,,,,,,,,2,1,,1,,,,,1,,1,,1,,1,,,1,1,1,60,6,1,47,2,,,,,1,,,Moral norm violation,Agent Questions,Agent_rel|Agent_cause,,,,,2|1,,,
